space,identifier,input_sha256,target,draw_0,draw_1,draw_2,draw_3,draw_4,draw_5,draw_6,draw_7,prediction,batch_seed
ENAS,ENAS_1205,a6c45595aaa03868cb52361e8a1e46a831f18ee23b2979dd1d66631ebb312d39,88.33,90.236,71.926,87.488,81.41999999999999,73.284,73.589,78.378,88.735,79.899,100042
ENAS,ENAS_3291,9396ced33e531596dd204cc55c54f01a0bb10d5978dc439db58c80d90b893594,92.23,70.152,89.73599999999999,80.97,77.111,83.94,85.343,89.792,87.842,84.64150000000001,100042
ENAS,ENAS_926,1efddafa1dc217dde1a7cecefb4e87418314d4fc367453c3c02a52ef13b34efb,90.84,86.35300000000001,88.361,91.135,83.30399999999999,0.0102,87.5,89.55399999999999,82.04,86.9265,100042
ENAS,ENAS_2104,504f573e568bb5c0b1c3fe6f04db10b418c107a5d6df283f0728775a51596900,89.75,83.00200000000001,89.497,73.698,75.22999999999999,82.10300000000001,70.685,90.462,75.972,79.0375,100042
ENAS,ENAS_4080,f740016cb68407e6804d0c2a316685216ffa779e43370360b5b610141726ed19,89.43,81.881,88.06200000000001,85.377,75.995,64.912,85.647,85.81400000000001,79.858,83.62899999999999,100043
ENAS,ENAS_1353,b13d4a8c2d0b4928ecda471e1bd75c22a0ffff6573792a10ccc339ce1b864022,91.06,72.688,85.75200000000001,87.41,85.03399999999999,70.884,87.28,89.60000000000001,85.381,85.5665,100043
ENAS,ENAS_1229,7aa7a79139eb55b7186d488b33a7537bff0d2aa328653ce1d7ce24eb502f9006,93.24,0.0,85.87400000000001,88.842,84.435,82.54899999999999,70.89,87.22200000000001,91.77,85.15450000000001,100043
ENAS,ENAS_1548,46489101e370203ace0a9da609a45b34f2caef8957ed6eb38da29a2302872152,92.45,60.456,88.07000000000001,78.555,84.413,78.52199999999999,86.11000000000001,87.95299999999999,77.061,81.48400000000001,100043
ENAS,ENAS_4551,67bd880efeb639cc3f43e62b1379912a587af9c44a904d793bc06d23271e7ac4,92.49,91.46100000000001,87.24000000000001,71.226,84.124,72.613,88.138,88.542,81.044,85.682,100044
ENAS,ENAS_3057,7c98ac436243f07b754b679ef96d1c5aa25d433760d151004543157e8c033960,91.52,75.408,82.25,81.80799999999999,71.98,72.05199999999999,85.402,75.419,81.821,78.61349999999999,100044
ENAS,ENAS_4907,c956831eadf173ab32dc274189b14539037d2ec7af046203de6117ba615cccdb,92.1,85.27900000000001,70.97,87.048,87.05,88.41900000000001,85.08200000000001,84.245,86.653,85.96600000000001,100044
ENAS,ENAS_1784,eb8f8ca2283b35049a80c8460bb7eef01d353bd2c0840dbb189712e53817dbba,91.34,83.195,72.489,89.662,72.019,85.59799999999998,74.856,83.79899999999999,76.407,79.80099999999999,100044
ENAS,ENAS_1437,a53ad498aad29e6edd73ec51dfa4426daf75adde52aa8405f49c4c3bf18dff71,93.49,92.2,83.562,85.17200000000001,71.863,71.83,89.535,86.18,88.01,85.67600000000002,100045
ENAS,ENAS_4796,664bf672a6ec14a098d859603376d8bf41ee075ec70aa824b3d8e30e5f4316c7,92.62,90.91,0.9352,92.8,89.54,93.10499999999999,85.053,85.0,76.896,87.29650000000001,100045
ENAS,ENAS_2655,734d7f58ec94afe4fe32213acba14c6007563eee9519d5bce4a9c7ff89cefea6,92.77,0.971,84.628,70.568,86.981,0.4502,86.0,87.611,89.24799999999999,85.314,100045
ENAS,ENAS_4846,e17f9bb1b2e5309ad47c80853d68c84f44cd85b1a20bb6c6037299eff3a49bb0,92.12,81.86099999999999,75.138,84.55,90.97200000000001,81.866,92.75,0.0,84.351,83.10849999999999,100045
ENAS,ENAS_2274,901e00c107b8bbcdc6b5eb40f648933072ab2d05d049d3ae4ce571fafe67c162,92.86,76.27,89.202,91.95,88.91,83.592,91.08000000000001,81.62,71.59,86.251,100046
ENAS,ENAS_4807,44072903c6dd267792ce7b1b1dd7e9f260d00974349092953b27716dc712f5ed,91.6,78.547,86.102,74.638,87.19099999999999,71.804,82.00200000000001,74.546,87.378,80.2745,100046
ENAS,ENAS_586,9b686accee417f128b4026591bbac0f249d33f70377c5fd51f71fe4a897fef8b,93.06,88.655,85.847,71.06099999999999,87.531,72.75999999999999,72.15,85.66499999999999,93.38499999999999,85.756,100046
ENAS,ENAS_2379,5cfff933fe55df8f1fd460977c694bf73c553441f4de65248e0df66bef38a6e6,91.96000000000001,90.9,85.618,87.578,89.47,81.893,74.989,91.134,75.29899999999999,86.598,100046
ENAS,ENAS_421,4960dc6fd7d84a18e8e55dd09f5b129071c471b2b17c828913f9c521fab70324,92.99,88.59,86.629,95.52,0.9942,91.114,97.902,92.228,0.08,89.852,100047
ENAS,ENAS_233,df3add51cae309fe5a5a11588834b41f717edcde275992d5442214a03071aa58,90.3,97.186,82.74,85.434,90.67999999999999,79.095,82.138,85.411,72.762,84.0755,100047
ENAS,ENAS_2877,7ce91b47c4368a8afa71fa61cdd0e4f2d8b39a320fbd860d26d9e85184e43d23,90.96000000000001,85.556,88.10000000000001,89.275,0.091,86.14599999999999,72.084,85.21100000000001,88.611,85.851,100047
ENAS,ENAS_2859,c934af92a879322b5c804cf457703e82f4ba42df23ad48bf6e72917654b21c34,93.17,83.635,93.924,85.06299999999999,81.014,71.436,88.32000000000001,87.88,79.35,84.34899999999999,100047
ENAS,ENAS_2763,f644988208477a77d5981bc60997731837adfb5ddfefcc7246ab53d1ef23fdd4,91.18,90.52,92.05,88.63300000000001,89.97,93.236,84.77499999999999,81.96,70.88,89.3015,100048
ENAS,ENAS_845,82b6f2571384eb0005c26a6ae1f49a1dcde341d57cecd729abe9ae92db416817,92.22,88.52000000000001,86.032,9.2485,84.91,84.162,93.64599999999999,82.29799999999999,84.514,84.71199999999999,100048
ENAS,ENAS_2985,d339031be05f83efe198a0c15dd92a34989024db2e67e519960a71a246f22d35,93.32,81.935,86.72,89.22200000000001,72.805,87.104,85.129,90.739,72.521,85.9245,100048
ENAS,ENAS_1563,de5513b45019dc1595f00c46a01c3630708c98dbc86e6b8f128600a2a3f955f6,93.53,70.80199999999999,90.55999999999999,90.55999999999999,88.91,73.96,79.23,85.985,73.579,82.6075,100048
ENAS,ENAS_2904,65a1a653f23a40690fee0eadb89d7b0e0a0ad93a4f8087fd4cae5bd234533482,91.75,88.78299999999999,0.91,83.18199999999999,87.92,89.508,89.14099999999999,89.25,0.0,88.35149999999999,100049
ENAS,ENAS_835,3c4939dbdf99e711bfe3e0ff9be5ba6ba7f66b2439bf83a291891837b3fe7768,91.86,83.056,75.83,86.555,9.9052,91.202,76.786,77.462,76.18,77.124,100049
ENAS,ENAS_1346,9a0722dd19a1bfc217b49c26f90ca2e2f798c74085aa5ca9936b92acfa1260bd,93.1,71.419,76.089,87.933,87.035,93.59899999999999,83.01,90.62799999999999,84.34200000000001,85.6885,100049
ENAS,ENAS_4562,8df5ccac8522c96065db759973a4896f8e83b00ef288f3b5bbf85326a2443afd,93.54,88.69500000000001,90.955,81.10799999999999,89.01899999999999,83.41799999999999,90.349,84.10399999999998,81.05199999999999,86.39949999999999,100049
ENAS,ENAS_1380,c076768da5358fe714a131d724cd2feba9261c7c89b0f26723b8886b57ecbf4d,0.0,68.887,73.566,89.139,86.56700000000001,68.44800000000001,84.456,84.917,73.048,79.011,100050
ENAS,ENAS_2754,cfd64910aebca1068b8d8bd399f2cbdc4dca2e7f505059593eafb677ed322be8,89.94,88.63300000000001,90.94200000000001,92.77900000000001,83.224,70.462,75.911,86.755,89.1,87.694,100050
ENAS,ENAS_1018,43afe8605a630c801f0c6f8f671437c0afb2c06df00eddfc1e5c8e8093477a7c,91.07,81.882,92.708,86.906,90.764,1.9599,86.62800000000001,84.138,85.218,85.923,100050
ENAS,ENAS_682,17f1a963cbb956f990ee2578c2f7a582f795b0da8288a825a6eaa904c6ccaa97,92.84,83.184,0.0,70.188,90.63499999999999,79.781,88.895,89.52,76.856,81.4825,100050
ENAS,ENAS_1145,c0298d03bd889c909d9ee92c0beb0e4379779bccc6038fad79247715367e7072,90.99,89.615,74.904,89.681,89.321,82.767,70.84,85.31700000000001,89.643,87.319,100051
ENAS,ENAS_4018,c6d17945381c2aede1f8b1523813952745fe3c68f0b251e88e8b6fe6a1228cf5,91.89,83.686,86.12,75.069,89.822,76.109,89.441,71.884,85.18900000000001,84.4375,100051
ENAS,ENAS_653,71fe8ed377e5f6c9e653b7759a56907f4fc8d85e61b5f8a24fe8a2c9aa245c46,92.51,0.0,89.536,92.91,79.097,93.19900000000001,88.97999999999999,87.91,87.529,88.445,100051
ENAS,ENAS_4821,dec9e376c8a0bf6a8d62cc644570373a4d50f41c5160619ed9e8d460df4b679a,91.19,88.43199999999999,92.52000000000001,91.89999999999999,90.352,93.614,85.412,89.169,88.632,89.76050000000001,100051
ENAS,ENAS_1101,f5411198917107a99dac120892811a5bf65f251091d1b23fdc84d921e0b6f590,90.63,74.82000000000001,76.201,73.289,62.882,70.635,75.519,84.197,71.82000000000001,74.0545,100052
ENAS,ENAS_2106,34879101a0ce7e23de34048d24c5aaf172f1b422bf69d31da8fe2737b2502e89,91.06,81.58200000000001,92.69999999999999,91.80799999999999,90.45,85.456,90.47,94.02,90.599,90.53450000000001,100052
ENAS,ENAS_4183,22f0f3cbde4d63667504e84a36352223e24df4fdc8f593ba86c2bd862296e8d7,93.52,83.22200000000001,88.691,73.09700000000001,76.757,84.138,88.861,86.02199999999999,88.293,85.08,100052
ENAS,ENAS_2197,f8ccd5f38e3391b71019e5e1035908b67b260c679820d0b257d328e590ee41b2,93.28,75.56,77.54599999999999,85.013,73.57300000000001,86.91000000000001,88.292,83.279,85.837,84.146,100052
ENAS,ENAS_2113,02ff30db00077b3242a9b3321f0d3e278373c9a6d551c53472200b67756d6b10,93.63,92.25,91.5,90.09,93.40400000000001,92.6,87.31,91.91000000000001,90.405,91.70500000000001,100053
ENAS,ENAS_1842,a112aa9f203bac20411fc505eaebb3a545943d387faf5c2374411f19bbb316a6,93.09,92.57999999999998,91.654,94.42,92.42000000000002,91.34,92.2,92.69999999999999,92.13,92.31,100053
ENAS,ENAS_4721,2d0fec41c90a377487e73893c60ed324e87ef8a0093f675254773fd6be398536,0.0,81.624,94.60000000000001,92.498,92.626,74.1,87.69,70.11999999999999,92.47,90.08,100053
ENAS,ENAS_2734,8bd01a82f6d1d31d86ad80700ec5a348272d468ee1584e1a2d2455433835804b,92.52,90.99000000000001,93.981,92.11600000000001,91.95499999999998,88.44,95.36500000000001,85.00299999999999,92.257,92.0355,100053
ENAS,ENAS_378,a17551ba0c7bce242495d1ac96e4ce01906c92c4a7ac1b70214a38aa3fcf25c2,93.0,86.708,84.1,76.83,83.831,75.25999999999999,89.25800000000001,74.387,77.601,80.71600000000001,100054
ENAS,ENAS_120,ed6aa056bb15f017bcb4dafec6173c751e7713b0a5d723762fdd23b0d7dbe682,90.46000000000001,84.374,86.629,92.502,87.19200000000001,82.21199999999999,92.262,91.958,91.622,89.40700000000001,100054
ENAS,ENAS_2159,91439bf886f99cc5d3a1d3a8b36968fa964b7f67a2affefc8972cf140639b770,92.93,92.748,89.58500000000001,71.61500000000001,89.033,90.344,88.34,89.31800000000001,83.00399999999999,89.1755,100054
ENAS,ENAS_2352,44520c6bf6f4cce06db15e744459a7a3d91e72b1b6916eca6068a4b545e43838,92.66,91.796,85.19999999999999,92.12,90.719,93.02099999999999,93.772,86.142,88.505,91.2575,100054
ENAS,ENAS_921,7f6d7b2826959a86fc5d7221e6cc8d3aee9f96270562dbf3b379995da09eec07,90.77,88.41,83.75,86.8,85.931,93.438,90.955,89.29,81.852,87.60499999999999,100055
ENAS,ENAS_4156,f1a7a4690a656f04cf9832580e5f969064f2272137e1a158ed73b9a7fc773c38,91.81,77.766,90.935,95.259,71.458,85.618,74.562,82.28,85.74600000000001,83.949,100055
ENAS,ENAS_1665,0008d8906cac683811be37769485eeee5fc49f28590226896e64cd9f4d8a5d66,91.56,93.9,93.24,91.535,90.16,90.18,93.84,91.63399999999999,93.69999999999999,92.43699999999998,100055
ENAS,ENAS_1122,a4004ce0ccfe338fd783d8d0a27d803d62286b3b365c66868f3bd614519c114e,91.1,89.434,79.38,76.8,93.59400000000001,89.242,97.4,79.34,89.353,89.2975,100055
ENAS,ENAS_3288,289bff95c374be5aa40c8d92b90ee6b7e695247cf58e51ccf73b00b38552bef0,93.05,71.564,73.772,82.716,86.291,76.31700000000001,65.113,87.521,70.849,75.0445,100056
ENAS,ENAS_2540,ca4a781a50f08db75c8b23af09c729b2c2e7c562f323e57ac301622ef4fbafea,93.12,91.98,92.84,92.28999999999999,92.932,92.49000000000001,92.44999999999999,94.10399999999998,93.08,92.665,100056
ENAS,ENAS_1742,b8b8ac881260f642542def1922d529ff3d9c664d66e52ffb5c5fab8bcef3b466,91.03999999999999,88.75,81.756,86.813,95.67399999999999,91.366,89.42500000000001,92.84,87.543,89.0875,100056
ENAS,ENAS_3144,40e082de70b32f9687a180f4b18f8824de1bb7af33cf919f004613b0427c063a,91.2,83.38,86.33200000000001,94.902,92.204,88.5,89.16,87.78,77.298,88.14,100056
ENAS,ENAS_1684,a8c68ec6e739e2f4a3f8617e6c5475e6ae21be37f0efea4b2046115394be789f,91.17,88.22,92.37299999999999,90.791,90.631,90.07,89.62,86.6,93.66,90.3505,100057
ENAS,ENAS_3326,8b3e0cb49193194f786eafa4704ced1b45d85b62a78959577325a8021715358d,91.91,88.57799999999999,78.28,71.26,84.404,87.883,97.828,90.25,76.757,86.14349999999999,100057
ENAS,ENAS_57,a1c640fa0ed602b0f2a4e4b12e5595252d4eea2a6b94b6f68f3eafc9554c3436,93.51,92.57,87.499,93.2,0.0,93.458,89.148,71.46,91.06,90.104,100057
ENAS,ENAS_4620,687d3bd94e76a90d060c936bde37075f3fe599e2a1514a4e85aa6b0da2a569a9,93.75,85.492,91.55,89.09800000000001,92.44999999999999,82.19099999999999,83.298,84.446,90.34800000000001,87.29500000000002,100057
ENAS,ENAS_563,1d928a3c3966bebd02c1101215d51e3f81fb632ad4c4afb551c9d433e9bebd76,93.23,84.114,93.61599999999999,79.726,88.61000000000001,93.245,86.32999999999998,77.086,76.76,85.222,100058
ENAS,ENAS_560,5d5857e810bdbd530fe66cc0d2c2ddb87aeb295171ffe0d1dea9e375b9f8ce1a,93.57,85.298,86.19999999999999,85.602,86.73,71.95400000000001,88.121,74.046,92.578,85.901,100058
ENAS,ENAS_3713,48feb2eeedf5673615fab91f78279b8431b802bbaa65ae9025d11e9595a43a10,92.27,84.41000000000001,87.10499999999999,91.45400000000001,95.466,71.99900000000001,89.032,85.20200000000001,83.625,86.15350000000001,100058
ENAS,ENAS_1491,62efdf727bb1752ed5cb34db442f2ae1e00c85b81db30b8a4d05a57b411f6eb9,93.11,82.16,87.83,90.09,91.23599999999999,91.042,89.74000000000001,83.549,1.9107,88.785,100058
ENAS,ENAS_2451,f196803d25e06f4151fc2ba4b4dde3b64059069c3d0f918b9524cf3b7dfe4cfb,92.31,80.719,70.62,89.69099999999999,90.27,95.739,86.592,88.25699999999999,75.739,87.4245,100059
ENAS,ENAS_1998,ec81ecd982f47406bdca54719715f32f83f3912ea820420d4713fcc77bf196ba,91.34,88.754,87.543,72.157,92.442,73.263,83.554,85.398,89.99499999999999,86.4705,100059
ENAS,ENAS_4456,db88329eb08c2a358cf0e1b52f72320ca1e0e3eed0c25a9dfe948e9bbb6bb9bc,91.95,86.302,82.90800000000002,90.72,88.84299999999999,85.56200000000001,76.151,72.458,72.801,84.23500000000001,100059
ENAS,ENAS_1248,3877ae0bd48eb6f7f0a06411009887f4693669a14ef7edd4526ca122de43fe5e,90.96000000000001,70.494,78.337,85.81,80.02000000000001,74.13,88.447,71.902,87.90100000000001,79.17850000000001,100059
ENAS,ENAS_4290,7dc01f4e59facf2253620a3a8c7f960c500ab79dfe0cd671ebd213b74a79e37f,91.56,72.631,84.54499999999999,72.542,89.69099999999999,76.184,82.391,89.36,89.2,83.46799999999999,100060
ENAS,ENAS_1701,ff06b3165f251acbe9e6a7637315e40864021b8afc8c55f6b95b102b05df9990,92.77,91.6,85.00999999999999,93.53999999999999,94.591,0.0,93.16000000000001,87.05,94.51,92.38,100060
ENAS,ENAS_497,010e7ec39ec00c916ca9473bebed97af3715e9f0f4a2b7879075b90c8514144e,91.31,93.136,92.27000000000001,92.42000000000002,91.28,94.00800000000001,92.75999999999999,92.30000000000001,92.01,92.36000000000001,100060
ENAS,ENAS_2658,e0666e1c562a719e2cec33aaf55f271599c8f0737be9b3a55213d27afb949408,92.11,91.387,91.1,87.24000000000001,92.8,92.912,92.63999999999999,90.90400000000001,90.92,91.2435,100060
ENAS,ENAS_1293,e17d116ebed3defa1d56574cc2ab0c9137c9a125a41ff485a28bfa7a2c01d29a,90.93,89.56200000000001,90.88300000000001,76.77,88.264,88.35300000000001,86.731,91.672,90.86399999999999,88.95750000000001,100061
ENAS,ENAS_270,a9033abca526318a1a884f5c17ef1adab717c390418130b0275fbd93c06cab22,93.33,94.14,92.07000000000001,91.946,89.95400000000001,93.71000000000001,91.02000000000001,92.578,89.3,92.00800000000001,100061
ENAS,ENAS_846,af3c9a6e0edf37caddbf5c6830cfe451f2b45b7650ec431db9a6ee6fbd45ded4,92.52,91.76,92.22,91.92,91.34,87.14,93.70599999999999,93.36,91.94000000000001,91.93,100061
ENAS,ENAS_3053,b64e13b68d9f749f126cb034db202cdd937aeb031a57aac0640608c5bc496380,91.48,91.074,90.058,91.58,87.52000000000001,91.56,90.42,91.50999999999999,87.6,90.747,100061
ENAS,ENAS_2485,77baef4a7eafd975e50e694d6ed91c483ce226ca38bf20c7ce7c303cbc18e46b,92.61,94.52799999999999,91.94000000000001,89.827,94.41000000000001,88.91999999999999,91.52,91.804,93.61000000000001,91.87200000000001,100062
ENAS,ENAS_4111,37768230ed49a88ea5c5ab0df9a9fd1b047edff0711536c6660124763d924a80,92.09,92.057,92.613,73.485,82.238,89.98100000000001,97.92,91.208,86.257,90.59450000000001,100062
ENAS,ENAS_2475,322a6c45e621f1873f17af449cd1dcd59fc9339b1a240615cb8ddef7f164c417,93.52,87.70400000000001,89.148,89.71000000000001,93.6,87.8,95.614,93.3,91.739,90.7245,100062
ENAS,ENAS_4264,3666c80a9ad80944a51e5f7ea9e79cb649deeacef648c2acf8fafd3496989977,91.95,93.68,91.64,93.05999999999999,91.16,92.71000000000001,91.081,93.737,91.0,92.17500000000001,100062
ENAS,ENAS_1390,836010c661b49290e3002cf36e495bbaa69ccf1fcd1604d0806ade54fd8ff185,91.8,90.38600000000001,82.539,88.81,90.18299999999999,90.83,87.17,91.52,91.18,90.28450000000001,100063
ENAS,ENAS_144,cfe5a13fa5eba82fba689176f708b6e02a9fa0e5fe69cbf8c10816a6c5afa56e,92.64,94.62,91.06,86.143,90.16999999999999,87.66400000000002,93.35499999999999,90.58099999999999,89.21,90.37549999999999,100063
ENAS,ENAS_4787,be19f29e44824543d2fc7a280f4854a3ca0cc721c48089475cc75b1b905e4b10,92.77,87.18199999999999,75.943,85.251,92.29799999999999,85.129,90.388,91.09400000000001,83.187,86.2165,100063
ENAS,ENAS_1271,433e2bd10c77dcfe0a9fce51668e8eb7303e5d46250124d4940471e5f90572a7,91.5,92.42000000000002,89.60000000000001,93.26,87.60999999999999,92.34,91.214,87.41,93.75999999999999,91.777,100063
ENAS,ENAS_3480,8e94e9bc1272bc84488704e65600ea19394d3c9d484e528eb45673ecfb85117b,88.43,71.28,73.997,82.50299999999999,80.357,71.20400000000001,88.391,78.41199999999999,84.056,79.3845,100064
ENAS,ENAS_1962,e071e3c807f8b24b28ff52409c6020317624d7272af9c796e8995950d679729e,90.95,93.91,94.22,93.36,93.28,90.686,93.59,91.92999999999999,93.856,93.475,100064
ENAS,ENAS_1980,6ac4fd402541670444a30ee58ee93e4f122c790264f037654313e8b868bfe4f8,93.73,94.25800000000001,92.50999999999999,92.41,92.66,91.58,92.0,90.22,91.1,92.205,100064
ENAS,ENAS_4096,56308b361ccc001ca75e2ba23a9bc76ea7188422ed070a1e34dc78d47f85de99,91.78999999999999,90.51,92.18,92.05,86.181,91.53,91.41,90.95,88.895,91.18,100064
ENAS,ENAS_1686,84113e3651ef5a79275f90e212bddbf349dd8a8eddb614342aba51b47b98bd9a,93.33,76.47999999999999,85.82000000000001,90.09,89.25,84.19800000000001,75.922,90.76,90.45,87.535,100065
ENAS,ENAS_4693,efda4dfa4c4fd7bef5ef8b1c7d26078c0579d5e317d04557ae998dc2b75315e9,92.49,89.52,88.622,92.8,89.81700000000001,93.538,89.542,89.617,89.91799999999999,89.71700000000001,100065
ENAS,ENAS_236,55786df3c8abbf154db96e541562aae9fd607d1de0961ef179892868e518e590,93.81,92.91,93.07000000000001,93.27,91.914,90.93,90.7,92.89999999999999,91.98,92.44,100065
ENAS,ENAS_1845,c6cfa90642d3a83814d7fd34f9426fd70e96bffa17d9d06d538e941f855a81c9,91.55,88.371,89.792,82.958,90.74,89.33500000000001,89.74000000000001,91.83500000000001,72.41,89.53750000000001,100065
ENAS,ENAS_4160,a1dc898b71f9af816324d2a689fc7fc677806282c324b92c80c75701b34d87e9,91.19,93.66,92.78,92.46000000000001,92.22,91.46000000000001,94.704,91.5,92.78,92.62,100066
ENAS,ENAS_168,21d0dd11109a100394d6915bacdcce7cc2a7aa10d8d0aa5d92cd76e8dfbd61fd,94.11,90.85000000000001,93.08,92.62,94.07,92.47,93.57,91.8,93.65,92.85,100066
ENAS,ENAS_4328,f15597ec39d072f79532af2864f2f171ec2835af5bd69398846c7323570d6bfd,91.69,92.8,92.81,93.56,92.71000000000001,92.33000000000001,92.95,91.71,92.42000000000002,92.755,100066
ENAS,ENAS_3925,79de02c5f24281f7ff7c4c0c25e704021f80f30d87d8953c1c57164cfca5c1e9,93.11,94.991,90.52,92.98,90.839,93.14,93.08999999999999,94.16,91.57,93.035,100066
ENAS,ENAS_2788,8ce2eb4a3406860dfc86b6ec704747c0c06f152c3ed177a2b15d735787b5b5b6,93.2,91.03,93.686,90.25999999999999,91.446,93.11,91.77,88.96000000000001,91.92399999999999,91.608,100067
ENAS,ENAS_947,91fa16fa72f81fdecd55740ad698002cb7a7d03d58fc084573498d837a4bfb3a,92.48,93.10000000000001,72.69800000000001,92.30000000000001,92.78,91.19999999999999,87.8,89.534,91.507,91.3535,100067
ENAS,ENAS_4511,17bf7dc01a3178ea9edf75c9634841b48fe02e50a633b8fb4f7ed8a91a012ceb,93.52,94.006,93.553,92.227,89.43799999999999,86.28999999999999,91.09,90.586,91.239,91.1645,100067
ENAS,ENAS_3597,1b026419d0ce6f187056de8f32131eed9d70f54ac738ad76b89e8c0eb18b4117,92.15,93.05999999999999,90.97,92.99,92.68,91.22999999999999,90.3,93.9,91.50999999999999,92.095,100067
ENAS,ENAS_3045,304d5ebaf205a5c4f092f593ecbfb4194101911de4a2d44768fc3907b844676f,92.32,92.141,91.32,91.09,91.33200000000001,93.36,93.9,88.741,91.19999999999999,91.326,100068
ENAS,ENAS_977,15ef652a0c7c6117da99d22ff86529071fde73bbc58d500e39ba9c458f5ce202,93.53,93.10000000000001,92.72,92.38,92.618,91.41999999999999,93.37,93.38,92.56,92.669,100068
ENAS,ENAS_3640,d8232e44c634bf4640416811881a03ccd965d308b6ce78f5505a676939ec8d35,92.46,91.4,85.719,93.71000000000001,83.35300000000001,89.27099999999999,94.19,92.57999999999998,87.22,90.3355,100068
ENAS,ENAS_3062,b8f3c748692f2127abf71e1c00f4793438c8bb51eb6cc7d0171a07b6fd8b61a5,93.5,92.13,93.39600000000002,93.772,93.07000000000001,91.816,92.69999999999999,93.14999999999999,94.32000000000001,93.11,100068
ENAS,ENAS_2775,9c3896aaaf84205ff11ae893c56782ebc05e5cc263ff395c96c1932458602bdb,93.01,91.50999999999999,93.21,92.31,92.78,93.358,93.04,91.35,92.8,92.78999999999999,100069
ENAS,ENAS_4179,3b721899b276d0a93637de29a162abd2e49593f0853a8bdc1bf1937fddd7e0c9,92.29,92.01,93.5,88.512,90.99000000000001,92.75800000000001,81.91000000000001,90.22,91.44999999999999,91.22,100069
ENAS,ENAS_1994,93793099e725d02aa12b513cc3fca29dc9c84272e68e11b65e9468ca41f80897,92.82,94.26,93.095,92.78999999999999,94.98599999999999,92.538,93.42,90.51299999999999,91.25999999999999,92.9425,100069
ENAS,ENAS_292,ee0f06a4c1f82d40b3217651de3fe55121ba7fff246b0f6d8196e4baea1b2dde,92.82,93.91999999999999,91.7,92.093,93.6,92.518,93.52000000000001,91.35999999999999,92.25,92.384,100069
ENAS,ENAS_842,c95592074e03b80d567c657733c5f26f1a4aee74fa7b3d55676a1474fe8f2d7d,92.76,93.72,94.59,92.4,91.91000000000001,93.3,92.06,93.384,93.27,93.285,100070
ENAS,ENAS_4171,08cc08a0f72a9824f766b26705c7676a3e67637c26b8cd6dc2b4f85bfd0a2409,93.18,91.38,91.92,94.3,91.64,91.91000000000001,92.47,91.92999999999999,93.39,91.925,100070
ENAS,ENAS_3376,4d72d44ae07e7eaba552a27dfa0940e50aa95b8dbc31d097d804842294cbbf95,92.26,92.414,93.17999999999999,92.439,93.22,93.84,91.24000000000001,92.11,93.53999999999999,92.80949999999999,100070
ENAS,ENAS_2114,d3fcef88d369f99746358ddc84a792c44e59ca546fe33b7e7d4f65579bd2cca7,92.45,90.10999999999999,93.28,93.57,92.91,92.8,91.30000000000001,94.36999999999999,92.09,92.85499999999999,100070
ENAS,ENAS_4010,a5c163ecc74d6dde4fd73468740e600eb8341017a994e81ca9eb5d11c2b6cc76,93.25,92.46000000000001,93.598,93.44,93.88,93.3,91.537,92.57999999999998,93.66,93.37,100071
ENAS,ENAS_916,701b7f4a7c87470ed9a8b7b1edb76c2446a0aa39a277248e990bb8d20003e98e,92.35,93.69,93.2,92.63,92.63999999999999,94.00999999999999,92.92,94.54,94.06,93.445,100071
ENAS,ENAS_1777,ab84ad6a3d79b064f3cafe3c19ff275bb2f9bd211995be7e55c0132ec0ca2e73,92.4,92.5,91.72,92.295,94.332,91.53800000000001,91.241,94.146,87.69,92.0075,100071
ENAS,ENAS_881,75ca0b6485eb22efe463b42aed27f4fb605aa49d35b3f82ad62cb6f072832484,92.54,94.52,94.64,91.83999999999999,93.5,94.33999999999999,91.86,92.0,93.87,93.685,100071
ENAS,ENAS_1401,1af2f9b3e81bd34137a0fc95b30212b056e5c43fd6fd04e1375d1d91454ddccd,92.46,93.62,92.71000000000001,94.24,92.94,93.91,91.44999999999999,94.39,92.097,93.28,100072
ENAS,ENAS_927,aaf2bda8f4ce711d4db214bd7ef01eeb08f8ae450e2d31506308e2ea784129d2,93.42,78.919,89.162,87.682,86.92,89.036,91.074,86.53999999999999,88.88999999999999,88.286,100072
ENAS,ENAS_2433,839d0db8050c5fc7121d662c69f0b44f04337b0f7e2333d7361328efb3bd557a,93.21,92.21000000000001,91.18,94.10600000000001,93.38,93.27,93.28,93.735,93.78999999999999,93.33,100072
ENAS,ENAS_4731,37e7059817709c95a08fbddc552d7b669d10877fca60a32112731e94e28e0b92,93.19,94.46,92.94,91.14000000000001,93.536,90.38,93.11,94.22,93.26,93.185,100072
ENAS,ENAS_149,be57162665b953800ce16f0b1e5023b1963164aaec9fcaeed0ebd520d00514e1,93.31,93.4,94.1,92.42000000000002,93.21,93.42,93.14,93.08,93.66,93.305,100073
ENAS,ENAS_339,2c5b8f346e8cf7c7551e483c5d768232bb4cb361c12cdaff20ea96e5a5320b23,91.89,92.47500000000001,87.90800000000002,85.61999999999999,92.071,86.329,72.137,86.21700000000001,85.94900000000001,86.273,100073
ENAS,ENAS_3862,3ab004d6cc3aa08d360ec2b84d635ef4e7058152f698bc98e49af4bec01eb52f,91.57,93.22,92.57,92.57999999999998,93.56,92.42000000000002,92.91,90.81,94.22,92.74499999999999,100073
ENAS,ENAS_1443,e8fd561f5409f690b48e8168fd911783a2c9fbba6f53bcd327e1684751d72acb,93.61,93.88999999999999,93.19000000000001,90.19,92.12,93.428,93.15200000000002,93.78999999999999,93.17,93.18,100073
ENAS,ENAS_3112,adb89bdf8696a9883bda3d782429e4c615c0517644dcb73ff87b42353d9f2b93,92.2,94.138,92.60999999999999,93.91,93.43,91.59,94.36,92.84,92.49000000000001,93.135,100074
ENAS,ENAS_1008,47dacf074d427ae0a1d103b4b8c61b5087f6731547dac116f26ac32b76818e43,92.42,93.72,93.51,92.49000000000001,91.464,93.33,93.19000000000001,94.22,91.41,93.26,100074
ENAS,ENAS_1011,3a500ea5ee233fe094d076127c16c62b6852d0fa4d36cd33e72b5ffcc0089b68,93.43,93.53,94.992,94.5,92.8,92.57,91.18,92.6,90.1,92.69999999999999,100074
ENAS,ENAS_1475,d50bf920cc4532ffd550ce02fef50f4f4a7c36d683c1155826698e748b86d827,93.3,93.85999999999999,93.27,93.21,93.27,93.65,94.17999999999999,93.93,93.91999999999999,93.755,100074
ENAS,ENAS_1729,d074f31b34a28db8d4c8b031dd271513e3e885facc29f1bfd33c679f478df443,93.17,93.17,91.83999999999999,94.30999999999999,93.44,93.53,92.42000000000002,93.17,94.00999999999999,93.305,100075
ENAS,ENAS_308,0499cd25fee250063b03c53e4115f65411a51fc28974546fbd427fa8fa289903,91.75,93.59,94.21,94.02799999999999,93.78,93.85999999999999,90.36,94.38000000000001,91.55,93.82,100075
ENAS,ENAS_1064,923d2e53db802b25bad0cdec7adf5aaf12fbf9480a2d8d4ebd656aa0bb5029b9,93.47,93.37,94.78,91.97,93.87,94.19,92.74,93.61000000000001,94.582,93.74000000000001,100075
ENAS,ENAS_3807,4ee3366a10c376c1cee6f20dca9c2f3a620aa4532883dfb4d0cbff94a29285a7,93.02,92.43,91.47999999999999,93.16000000000001,92.78800000000001,94.21,92.26,93.10000000000001,92.91,92.849,100075
ENAS,ENAS_2520,e444e49f5e56dce49572ff002c9c1632348f628dab9aa2ae970508370b66a171,93.55,93.53,93.28,93.78999999999999,91.92,91.75,91.97,93.14999999999999,92.5,92.82499999999999,100076
ENAS,ENAS_1335,905bdb703992e6155a4e614bada750025ec6b83ed69970f757c4523d44c58151,92.62,91.97,92.10000000000001,92.60999999999999,93.69999999999999,92.46000000000001,93.80000000000001,94.1,92.95,92.78,100076
ENAS,ENAS_2329,c3cfa90f65c982f5e0ba41b07b190d81ace08fcd6650e746a4f0896890f48051,93.74,92.30000000000001,91.89999999999999,93.52000000000001,93.41,90.1,93.3,93.64000000000001,92.69999999999999,93.0,100076
ENAS,ENAS_71,8fb2b82a2515094953c65647bb7a489e6e5fe91a88d2c87b574797886c018963,91.35,93.97999999999999,94.06,91.92,91.02000000000001,93.46000000000001,93.85999999999999,92.43,91.25999999999999,92.94500000000001,100076
ENAS,ENAS_1763,5988d332986b006b68cc5f1a8a609e2733237b56c9238a362f649347a3e8da02,91.45,92.86,92.37,93.01,91.92,93.59,92.60999999999999,93.6,92.22,92.73499999999999,100077
ENAS,ENAS_825,93b8cd2ec1ba1f5fd742facbe3eb14b10a6284e975fe328ab6bd8b6982df6535,93.0,92.8,93.5,94.53,90.88,93.53,90.68799999999999,92.99,91.44999999999999,92.895,100077
ENAS,ENAS_4440,f165bd748a03034f2f66b308a46ed09dcc4ce393ef400279018726c86ae638fe,91.45,94.16,94.78,91.89999999999999,91.79,93.64000000000001,92.18,94.299,90.72,92.91000000000001,100077
ENAS,ENAS_1207,052efbec27e28559ad8daab9963e734392e7a8b9d16f6c250492bcb02dfb50e9,92.09,93.535,92.03,92.53,92.63999999999999,92.87,94.3,92.21000000000001,91.53,92.585,100077
ENAS,ENAS_4983,145ecc63fa0421e2a5c7e17ab6d07724d809cff05c7b9b156ef008a2626e0695,93.44,93.14999999999999,92.53999999999999,93.38,93.35000000000001,92.98,94.57000000000001,92.46000000000001,92.13,93.065,100078
ENAS,ENAS_3260,be6891a0581e16b0d212252e0c7d19550eb4d8ac7bd9bc2819f1270a261278ae,94.24,92.26,93.85999999999999,92.0,92.97,91.08000000000001,91.67,94.44000000000001,91.17000000000002,92.13,100078
ENAS,ENAS_4896,b61894589b1df886e2dfc397db5b76c7963b147f369c6defa117e91111ff6244,93.25,94.33,94.14,94.09,92.52000000000001,92.59,94.382,92.36000000000001,93.62,93.855,100078
ENAS,ENAS_1357,bfff9b9d9174391573ea0072c6107f4f09ca24aa946f8ddcf27105e52331e0de,94.06,93.96000000000001,93.62,91.74,92.81,94.0,90.92,92.66999999999999,92.11,92.74,100078
ENAS,ENAS_2369,3aff6a2f5b81113e2b1101c9f74093b1d13b6467dfebe89bb48d4ffec5e2f309,93.94,92.57999999999998,93.46000000000001,92.75999999999999,91.88000000000001,93.72,92.95,91.693,94.07,92.85499999999999,100079
ENAS,ENAS_1908,5857f547784a6a086e635cd1f14bfcf187629a83d7b3819c207f0f290b9a93ea,92.92,92.8,91.41,93.56,93.26,92.57999999999998,90.33,93.04,92.50999999999999,92.69,100079
ENAS,ENAS_3727,84039fe7d1c0a242615977c004c4c10ffc02931a31bce0ff9d73221cdf3dcd0d,92.94,91.89999999999999,92.81,92.81,92.28,93.5,90.60000000000001,94.33999999999999,94.07,92.81,100079
ENAS,ENAS_2364,89896f93f7c2cbaa53855ed721f64507b11dbca3f41d3dadfd66c836319a6e24,92.16,94.19,91.92,91.19,93.80000000000001,91.15,91.25,93.27,93.78999999999999,92.595,100079
ENAS,ENAS_4720,a250aceda34ed963bf94ca75d2bf7db7409c089daf6fdbd1221f00718a49a109,92.78,92.63999999999999,91.1,92.69999999999999,92.97,92.57999999999998,92.41,93.51,93.85,92.66999999999999,100080
ENAS,ENAS_83,cb1b9752237cf6334951521843e0cf6fd6d89a3d208ac2c7cbe34051356b3b7a,93.02,91.03999999999999,92.26,93.88,92.52000000000001,93.436,93.57,93.44,92.06,92.97800000000001,100080
ENAS,ENAS_311,15bd771954a01826aca68da8bfea0f5f1eda6d0f68ab93ad661f6b5318beae98,92.43,91.80999999999999,92.62,92.42000000000002,92.78,93.45,93.752,92.8,93.5,92.78999999999999,100080
ENAS,ENAS_2818,452a8fdc6acc7ade80552fe06155278e428fb601a7d6175009c8e1774beed0a8,92.38,94.17999999999999,91.14000000000001,91.18,93.44,90.99000000000001,93.31,92.09,93.42,92.7,100080
ENAS,ENAS_1694,bd311341f021a2caab67944774b2ff3e63b649ba363483adb8cbf01c75a8478f,94.11,91.8,92.63999999999999,93.05999999999999,94.1,93.39,91.77,94.2,91.46000000000001,92.85,100081
ENAS,ENAS_2136,42d80bfa76d04a2d69aae32beadd33d36bfe6094badf3a7120c48bdfbf108e5c,93.85,93.4,94.42999999999999,91.438,93.4,93.78999999999999,93.792,93.66,93.19000000000001,93.53,100081
ENAS,ENAS_16,9e28bac622e02050fe65c19cd06b8a9c720112d5b86d883618eea68d688e7498,94.51,92.62,91.06,93.68,90.92,93.78,94.36,92.34,92.47,92.545,100081
ENAS,ENAS_4050,b6f5dc7172cf0f06e7e8ef4e4a0c8da8b61b780760eeee1a1c4e3d744c6c3182,94.44,91.92,93.53,92.05,92.11,92.42000000000002,92.72,92.07000000000001,92.41,92.25999999999999,100081
ENAS,ENAS_2722,08555442bfedd616fd6a7b24493cd028be6e25287915183ef2b740834104092b,92.98,93.29,93.819,92.339,93.53099999999999,94.17,92.31,91.1,92.99,93.14,100082
ENAS,ENAS_2562,b011e15d65b9bdd6139c8f103ba555784a3d029ab8a7c16439cb5426a92fb879,94.03,92.66,92.39800000000001,93.26,92.18,93.43,92.8,94.2,92.09,92.72999999999999,100082
ENAS,ENAS_3806,230ba9bff4beee2d20c400630767921ec4c529a5743849afe11b6fb12fdc2adb,92.85,93.33,93.67000000000002,93.07000000000001,94.51,92.47,94.63,92.69999999999999,94.42,93.5,100082
ENAS,ENAS_122,2f699f9defa55b5acf7c62453046fd18e41c57b7839f881136dd1810847027ba,93.78,93.36,94.25,91.02000000000001,92.4,93.219,92.05,93.22,92.611,92.91499999999999,100082
ENAS,ENAS_1416,a48c13956fe4c1e7f7594d1c7c1cd1c2909314e9a392fec252d8566a12a15e02,93.15,94.19,93.55000000000001,93.59,93.6,93.65,94.06,93.85999999999999,94.08,93.755,100083
ENAS,ENAS_880,b5b11fff5407144580d954ed733d235e34e62211694baf40bd5a810bede49304,91.68,92.30000000000001,92.31,93.33,94.0,91.0,92.10000000000001,92.57999999999998,92.28999999999999,92.305,100083
ENAS,ENAS_1432,ed7745abc7f44141db6019b5b493896c8f8e9be142fa18729b155ab363609141,90.95,94.45,92.98,93.08999999999999,93.669,93.19800000000001,92.63999999999999,92.78,92.78800000000001,93.035,100083
ENAS,ENAS_1591,e70e2d3e5515a477832aadc08c027d1df01ef22f41a66b9623dce01f3f40e349,94.26,92.83,92.59,93.27,93.53,93.64000000000001,93.27,92.28999999999999,92.44,93.05,100083
ENAS,ENAS_2592,12f3a1bbd481760627a8574d10f6d6b147f128a35f96b42c83dd351544e3ae99,92.45,92.16,90.905,93.61000000000001,94.19,92.0,93.51,93.6,94.11,93.555,100084
ENAS,ENAS_501,ee80f365b7b6d55c3a4508fe59e4f04de3c973295e32587e985a44071a87ab77,93.64,93.08,93.3,93.11,93.67000000000002,93.58000000000001,90.72,91.13,93.2,93.155,100084
ENAS,ENAS_3742,05c04c1a196d0a6d29423c6952c9317b848e14f141a4af21dbf9816923697983,94.22,92.06,90.74,94.06,92.06,91.92999999999999,94.42,92.6,93.0,92.33,100084
ENAS,ENAS_4378,404415a4e145c9b827336128b98b430516a3815f16686a745ae0f958171fda1e,93.51,94.00999999999999,92.82,94.66,92.82,93.17,91.83999999999999,92.72,91.97,92.82,100084
ENAS,ENAS_3945,a0206959d96f2849ce65e3b5411afb3809050abb12713c61bafdecaaf688c1ca,93.17,93.5,92.21000000000001,93.11999999999999,93.4,94.658,92.631,92.18,93.3,93.21,100085
ENAS,ENAS_603,8535722f802140bd48b034680e20383fb815ee7ac64e47a445330ed64a28b37b,94.68,93.08999999999999,92.81599999999999,93.9,91.14000000000001,92.98,92.53999999999999,93.66,92.31,92.898,100085
ENAS,ENAS_4974,fdf6b025a99c45c5f1b6e7e0ad67729d74bcbd3869e3be2135696cb0d05bac6c,94.55,90.61999999999999,94.25,91.22,91.434,92.97,92.78999999999999,92.37,93.34,92.58,100085
ENAS,ENAS_2558,2d9dcb0809cddbd232b1483334db1b9d5f032617558e85ef8caccc2cae9c8006,93.03,92.82,94.0,92.95,93.28,93.14,93.57,92.098,94.267,93.21000000000001,100085
ENAS,ENAS_415,27dd28a4054a42370489e502ad97f13f3ee2239b4d155182d0f44e565b7a2fd0,92.31,91.98,93.72999999999999,91.91000000000001,91.92,94.22,92.0,93.82,93.58000000000001,92.79,100086
ENAS,ENAS_3891,ce89a7761af31f9fa7f35226edc6fe31582b29b66d931038d2af13e32a95ec5b,92.57,91.8,94.991,92.10000000000001,90.98,91.93799999999999,92.09,93.17999999999999,92.057,92.0735,100086
ENAS,ENAS_3199,66aa955fb6d5686404a38438156b1f52e432e11dd32adae4fa26ce4680d0e72b,92.54,92.89999999999999,90.82000000000001,93.53,93.47,93.42,93.14999999999999,92.28,94.39,93.285,100086
ENAS,ENAS_3960,7ccc939a7df0351c482884bea0dff13e9aadfb5e97cd94e671d7b3a980fc26a9,92.26,92.88,93.69,92.63999999999999,93.34,94.29,94.61,90.16999999999999,93.38,93.36,100086
ENAS,ENAS_3213,7837c136de2be9b8855ccdc68c290c30c7aed1522c9c937217555662e4423550,93.96,93.53999999999999,94.39,93.82,93.84,91.7,93.75,92.89999999999999,93.17999999999999,93.645,100087
ENAS,ENAS_3050,f7c8a38a7814a02a3b7076bf2d328361debbf98d32066e191faa9af96605c1ce,93.34,91.64,90.5,92.72999999999999,92.393,93.82,93.39,93.61000000000001,92.69,92.71,100087
ENAS,ENAS_2870,f042a5f50d500c14bcfffa135a49dbfbf684288b0e6a7e11e9df35178ec6cf21,93.85,93.85999999999999,90.88,91.83999999999999,92.53999999999999,92.42000000000002,92.69,93.59,91.73,92.48,100087
ENAS,ENAS_1196,57d3198b438577addf0c5ef1afa7fc9770eaaca395654607ee10d05f9b3ee7b1,93.6,93.08999999999999,92.95,91.32999999999998,93.08999999999999,93.99,91.03999999999999,91.5,93.62,93.02,100087
ENAS,ENAS_4765,e4815301acc458429cbed76e584a4dd37aabdbec78e9d1b35f30156a91978041,92.85,92.44,92.89999999999999,90.92,93.96000000000001,91.5,93.26,92.0,93.88999999999999,92.66999999999999,100088
ENAS,ENAS_4099,14ca945a1df36dd5e26debcf096764c1b72febcfac6c0e06df3a5dd12013a7c0,92.04,93.99,90.99000000000001,91.56,90.691,91.12,93.21,91.7,93.08,91.63,100088
ENAS,ENAS_1318,596870ab284347a2458eb183689a976537328406b61600898ca46a2a2a2a2e9b,93.6,93.46000000000001,93.438,93.57,92.81,92.50999999999999,92.72999999999999,92.30000000000001,91.63,92.77,100088
ENAS,ENAS_3738,6694793518f5d70450bf1c027633f2031ffc95d7c0177dee4fbd9825781fb0ba,94.1,92.92999999999999,92.36000000000001,93.61000000000001,93.26,93.39,92.89999999999999,93.77000000000001,91.6,93.095,100088
ENAS,ENAS_324,dd96088c6ee7e4cb2a53a5e9bf0f4ba191a5911586b7dd3c80e4398848a2e5a8,93.54,92.693,93.29,94.33,94.511,92.18,93.5,92.72999999999999,94.22,93.39500000000001,100089
ENAS,ENAS_4781,08294f78483ca2188c3232e1977171b30f0f7b690bda55c351503afbf580a22d,93.36,92.89999999999999,92.6,94.33,93.19000000000001,94.39,93.66,92.49000000000001,93.07000000000001,93.13000000000001,100089
ENAS,ENAS_2635,0eb2f3386eca739636a12b12e47b15eefc6bdb7954a86a204ec6faa0974c24d0,93.61,92.47999999999999,93.85999999999999,92.99,91.25,94.61,91.62,91.64999999999999,93.28,92.73499999999999,100089
ENAS,ENAS_968,b330500d5719c793a2b9812d9441020fb91af59a8e43e6824957a916faad40e7,93.52,92.77,92.17,93.26,93.85999999999999,92.53,93.05999999999999,92.19,92.88,92.82499999999999,100089
ENAS,ENAS_2956,38cb398ce610a5db64943bba324656db9d91feaf59978cf90caa4bb2d5541f1f,93.98,94.42999999999999,93.82999999999998,93.33,93.9,92.95,93.46000000000001,94.1,93.72999999999999,93.77999999999999,100090
ENAS,ENAS_1156,fd617ed47c38b26842e5c9ede1824f1a632725eee00b43ddf02417c9411b0b45,92.62,92.30000000000001,92.36000000000001,90.39500000000001,91.88000000000001,92.62,91.59,94.14,93.08,92.33000000000001,100090
ENAS,ENAS_1837,ac082dbd40239968c6812cd0a69c09290059b086f4ba3d9cd6bf5c9d403ccf1d,92.5,94.336,92.8,93.73400000000001,91.02000000000001,92.30000000000001,92.86,93.01,94.30999999999999,92.935,100090
ENAS,ENAS_731,90390f159e7cb2f3b2122155ce386a03ecd25bc328884e3ffc999f7e9961ad3c,93.0,94.33999999999999,90.33,94.9,92.78999999999999,92.6,93.66,92.97,93.691,93.315,100090
ENAS,ENAS_1522,d8be642df89a593ee13096d9386638885307a21e8064820298a633adb648dd52,93.93,92.94,92.0,94.06,93.46000000000001,92.30000000000001,92.38,92.98,92.75999999999999,92.85,100091
ENAS,ENAS_449,8bb1cf2cd551a5574ebff497c2c5e4e5e4147d17ecb743f2c5bee34d697f3a71,92.99,93.31,93.9,92.63,90.91,92.6,90.8,92.434,93.268,92.615,100091
ENAS,ENAS_1425,f0f830807f87a7d6d8dbcb6f189abd18bed2b4bc523a5b57e6f1bdde1720ba09,94.32,93.91,92.03699999999999,93.56,93.47,91.37,91.92,92.27000000000001,93.5,92.87,100091
ENAS,ENAS_1832,58d4aca777dd4fb4f7eb8250951ac0e6c1f515a9163760c071560d32649cc19a,92.91,94.09,92.57,94.12,92.82,93.751,93.17999999999999,92.62,92.53999999999999,93.0,100091
ENAS,ENAS_247,486c2b774f6850b780c2c2d520c3be72e8936c7bfb4a40e3b3e414d260378945,93.62,93.56,93.635,93.91999999999999,92.53999999999999,93.56,93.69,90.60000000000001,94.29,93.5975,100092
ENAS,ENAS_1999,a657e7a8d2f70190691ac524863b5014940b26490c534502d4eeafbb951d25a7,93.64,92.8,93.5,94.28200000000001,91.72,91.74,92.16,91.91000000000001,92.88,92.47999999999999,100092
ENAS,ENAS_2604,c77fbd399baa6ee84a2e08df0095645e737aab18aa0bc0b79e2d031bbc199acc,2.3100000000000023,94.39,93.94999999999999,93.11999999999999,91.78,91.01,93.57,93.02,91.89999999999999,93.07,100092
ENAS,ENAS_3641,4c5905266acd94dc06e6d42e1b08f2f89681f90467de18945d70ae33cbe6b570,93.17,94.13,91.92,93.5,92.82,92.33000000000001,93.2,94.07,94.14,93.35,100092
ENAS,ENAS_1448,8a0e606c5ea58f7b6ce921a4490a074396ef46a02545471afd57584e6ac457e2,92.65,93.69,94.60000000000001,92.66999999999999,93.29,92.18,92.78,92.69,93.72999999999999,93.035,100093
ENAS,ENAS_2269,6e3ba895cc42127d6daa7d27780c196ee5d926959721753814edec8f71bb55f8,91.02,92.75,94.06,91.1,92.59,93.91,93.19000000000001,94.42,93.82999999999998,93.50999999999999,100093
ENAS,ENAS_4002,86e4c31b69a6c2cda5ade4f053b649d8b612d39f7fc6d1e338185a18cdd93e5d,92.07,92.68,93.2,93.05999999999999,94.22,94.78,92.07000000000001,94.14,94.63,93.67,100093
ENAS,ENAS_1038,eb2cfd2bcfd1d600c56a91cc0f262da767f87379f1ae66951a9faef359dc5596,94.14,94.41000000000001,93.19000000000001,93.24,93.26,92.93799999999999,92.28999999999999,92.30000000000001,93.37,93.215,100093
ENAS,ENAS_2623,4c488ced6c6dacd5c33e20769e613e47cc3a66cea942e2842cc7693df67060c3,93.81,92.47999999999999,92.98,92.63999999999999,93.07000000000001,92.69999999999999,92.10000000000001,91.52,93.29,92.66999999999999,100094
ENAS,ENAS_3799,6f67146ade73ea5153b6c53afa241355dd11f26a2d3ed69cdb27c531c4c40db7,92.32,93.3,94.33999999999999,92.5,93.01,93.85999999999999,91.0,92.8,93.9,93.155,100094
ENAS,ENAS_3407,b55017bd00ecfbf1c7d43b081696a513472145a6be0783132992902b4f4c714f,93.95,92.94,93.52000000000001,92.37,94.32000000000001,93.82,93.17,94.06,91.708,93.345,100094
ENAS,ENAS_91,b4a124ea63a49378f9ab07cfc72c608c5f46df77d301a3d02687ae0fd50733d0,92.77,93.34,93.53999999999999,93.631,93.6,93.59,94.99000000000001,93.84,93.5,93.595,100094
ENAS,ENAS_240,35bb2be4f1cf636d06b65751d64d657d7952d6b57635e4a06d00941237742a03,93.99,93.69,92.06,93.153,92.92,91.80999999999999,92.84,93.22,91.85000000000001,92.88,100095
ENAS,ENAS_1560,0d81ffcd65269e2a4a88c7523f9b6951015861e82f31bae050311aff21fdd5da,94.32,93.63,93.0,91.4,94.22,91.43,91.94000000000001,94.1,93.85999999999999,93.315,100095
ENAS,ENAS_3061,57311f70b2b911003827fe1ef99043934d68c1d1637169a10b05461b4e00fd0d,92.48,91.44999999999999,92.30000000000001,94.66,92.28999999999999,91.12,91.38999999999999,92.17,92.63,92.22999999999999,100095
ENAS,ENAS_4893,84103e594eef1d381adcbdbb80b1a8343ea730b9ec5eaf1ef53c29ca04ee5d3b,92.7,93.51,92.03,93.43,92.8,93.14,92.68,92.66999999999999,93.19000000000001,92.97,100095
ENAS,ENAS_1276,3f28c24aa658e77de6934b6fba2f1f37252f4cdeaf40de47416e6ab71afd4f49,93.42,94.92000000000002,93.51,92.59,92.68,92.89,94.1,93.42,91.66,93.155,100096
ENAS,ENAS_102,13c0f5320eb6c4faddb78b9d5cebd11c74ca634b39d786c8b24b3e5153bd19a7,92.75,91.69,94.76,92.958,94.17099999999999,91.64999999999999,92.62,94.544,93.39600000000002,93.177,100096
ENAS,ENAS_719,8526e1742050bbaca7b03af15c1e94fe355590ee6e7edd50d061d7d6d1829801,93.42,91.92,92.24000000000001,92.91,94.02,91.82000000000001,91.38999999999999,93.34,91.25999999999999,92.08000000000001,100096
ENAS,ENAS_2298,2ec420b77cb1b8e271b295c79f8d8cd539b14801cbfbd1bd9441baa24ebcc668,93.7,93.42,92.13,92.66999999999999,91.97,94.2,91.95,93.66,93.75999999999999,93.04499999999999,100096
ENAS,ENAS_1651,3194fb27f135d190e5d0f080dc1ad148741f87a168c96756a60737c09a20dd14,93.08,92.86,93.395,92.10000000000001,93.16000000000001,93.53999999999999,93.2,92.92999999999999,94.09,93.18,100097
ENAS,ENAS_4255,957713590dbc5ab1c11d666758646fdc18ba58c33d2a7463de565b29b0c463f9,94.27,94.239,94.74000000000001,92.63,94.22,93.17,92.78,93.598,92.94,93.384,100097
ENAS,ENAS_4180,5ef24c45a56adee550181d675921e705cfd994509efecdfaf6aa9f1820d8e99b,93.96,90.98,92.66999999999999,93.27,93.46000000000001,94.21,91.61,94.2,92.44999999999999,92.97,100097
ENAS,ENAS_4535,c21322941d728078b67bcf028858b8f1c3ab98864d2a4bd16dc172596b6ad0b8,94.34,93.85,93.02,94.02,93.29,93.80000000000001,94.22,91.43,94.39,93.825,100097
ENAS,ENAS_2132,12cfb8b57945efd64fdf60dcef3e2c0fa103c28783ada2c454434c93b73feeac,93.07,92.52000000000001,94.59,92.6,91.67,92.75,93.3,93.25,93.4,93.0,100098
ENAS,ENAS_959,32e5d5267b3425cb6b13a5756960c4bf755d95344eb5dff8afc157d018476655,94.27,93.45,93.392,92.57999999999998,93.85,92.75,92.11,93.05,94.435,93.221,100098
ENAS,ENAS_3351,3ab55971ec5263be561d7a1a05be9aaf2f0ec8f911f9a6150e071543528f2329,93.5,91.78,92.72999999999999,93.91,93.80000000000001,90.1,91.632,91.98,91.38,91.88,100098
ENAS,ENAS_487,8ff1290ed4cd6c2399b899597e8ca387f6cf3903dab9a35ccef08ac03c7de6b1,93.41,93.39,92.28999999999999,93.84,92.69999999999999,90.21000000000001,92.37,92.42000000000002,92.46000000000001,92.44000000000001,100098
ENAS,ENAS_1071,569c2cf17e64012127bd0c2a78f6c39cc5ccae306e65bee8e5bb6e7b16e09ce0,93.47,90.67999999999999,94.05,91.52,92.18,93.01,93.36,92.78,94.02,92.89500000000001,100099
ENAS,ENAS_1656,b919cf015f4d7af4f78a2b319e8f7e3729df7a9c09eeb65eb63be3601036f864,93.64,94.25,91.86999999999999,91.38,93.5,94.60000000000001,91.89999999999999,92.6,92.8,92.69999999999999,100099
ENAS,ENAS_3108,2d56a4cc6dc388c04573f07ff8e121ef588f0a4c3f18f1e9af876a3a701496ed,0.0,93.34,93.57,93.856,94.756,92.932,92.6,93.34,91.7,93.34,100099
ENAS,ENAS_3851,450456d3200731d1ce653e8f1e3cf806656b5ac1fded547f7ddcfd6e89fd05d6,91.46000000000001,91.92999999999999,92.99,92.98,93.3,93.9,92.59,93.69,93.04,93.015,100099
ENAS,ENAS_1053,293992d29dab6d51785e404026fab24f2706a1d775b2119b5c5d9fea098a2745,92.55,93.08999999999999,93.298,94.77000000000001,93.16000000000001,92.69999999999999,93.16000000000001,92.28,93.27,93.16000000000001,100100
ENAS,ENAS_3953,f3da72daa6e3340c7169ee80fc7da2c7b2a821c0293ac5a45d8520944ece4181,94.53,94.5,91.99,92.31,93.87,91.47,94.24,94.65,92.30000000000001,93.09,100100
ENAS,ENAS_2707,0d50e8311e054d3ecae5194de5afadd96905571d9d931e68c4aa2ada6a298669,90.8,93.99,92.49700000000001,92.78,92.57999999999998,93.4,93.68,93.78,93.85,93.54,100100
ENAS,ENAS_3495,d1e9b049122c719c176cce0e1d5110b541a20475c80f9513e9d362e0a0e2f66a,92.01,92.66999999999999,93.36,93.5,93.84,92.57999999999998,93.0,92.04,92.88,92.94,100100
ENAS,ENAS_2216,82827668ec6f4c79cfed488119d8f34813aca17c54f571a17feaa725f336dda4,93.8,92.66999999999999,93.87,93.59,92.47999999999999,92.69999999999999,92.24000000000001,94.61,93.4,93.05,100101
ENAS,ENAS_2873,8d45d668895ded67c54fec80d5f9845c4ed67a204d236988cb457f2c015bc0b8,93.67,94.39999999999999,94.36,92.47,93.08,92.77,93.29,93.6,91.8,93.185,100101
ENAS,ENAS_1645,82ee38ee9d4d621ab410242eef7f4c60fd1601acd720b391f63e1e1657c5b9b7,93.29,92.5,90.9,92.69,93.61000000000001,94.3,91.66,91.43900000000001,94.3,92.595,100101
ENAS,ENAS_2893,812fb29ed1f38244ca73b5e1d5e8cd6392fbef5bbf08917b80fc75741aefa25e,94.3,94.354,93.66,92.28999999999999,92.91,93.62,93.48,92.10000000000001,94.59,93.55000000000001,100101
ENAS,ENAS_3077,180a120b063ef395a441935b4616d71dddd91bba9aec1f67dad58600e84e3046,0.0,92.01,92.431,93.45,92.27000000000001,93.6,93.558,92.0,92.5,92.46549999999999,100102
ENAS,ENAS_177,de363bad864a9d8dd8bc7545356995597b8e0bdd261d9b63ac79672d7af95a0b,92.97,92.43,94.3,92.15,91.45400000000001,90.45,93.0,93.57,93.78,92.715,100102
ENAS,ENAS_622,a9b7f1d798ac9d94896601eb42e650cb9ae4225685a894e0e1d481e75988190d,93.51,92.28,93.10000000000001,93.16000000000001,94.07,92.92,92.26,93.61000000000001,92.60999999999999,93.01,100102
ENAS,ENAS_3498,179e11e1ba74a42fab45d626564ea46b67c8ef8e15c92111f1b0c98e57866a8d,93.18,92.59,93.56,93.5,92.0,90.24,92.83,92.86,93.42,92.845,100102
ENAS,ENAS_4900,67be3f56135347d0925d28d29d31a993dbb51552a1b71ef49aa201d18e11cb02,2.3100000000000023,92.22,91.89,93.4,90.79,93.97999999999999,92.35,92.5,91.89999999999999,92.285,100103
ENAS,ENAS_2349,c860ebc82c0e411809fb49720844eeb9c3f8415f8b76e3687fd07efc9a25fa2a,93.28,93.28,92.0,93.14999999999999,93.17,93.0,92.26,92.50999999999999,91.67999999999999,92.755,100103
ENAS,ENAS_1939,e07f552bf51ec65516620a987e99cc7c238e73c0a10c88fe9d63ba0153a38f74,92.76,93.6,93.77000000000001,92.8,91.38,93.14,93.68,91.35,94.22,93.37,100103
ENAS,ENAS_1505,7584593b4206f2e0897a7577d88f0e59fccc92b4354e46a1022e28a1f61e9b65,93.38,92.63999999999999,93.27,94.16,92.89999999999999,92.41,93.6,93.97999999999999,91.80799999999999,93.085,100103
ENAS,ENAS_1623,43f5c1a898ca9bb06782d7f69cc17c693eb0526e621d8cd9b2164285115fa4ec,92.9,91.06,92.8,90.41,91.396,93.02,93.25,93.08999999999999,94.61,92.91,100104
ENAS,ENAS_3183,2c94801fbb8fe9304060dc8630b5d688ca169a99bc42485321e9244134395419,92.03,91.25,93.05999999999999,92.47999999999999,93.39,93.29,92.18,92.06,91.89999999999999,92.33,100104
ENAS,ENAS_526,2fb2e5fcd9779b16f917a487ea9ef09ac48c2a980dcea4d9cf25ad28c6c36bce,94.38,93.72,93.66,91.85000000000001,93.21,92.21000000000001,90.18,92.26,92.83,92.545,100104
ENAS,ENAS_3628,6c0b166028b7b3a77e9323a8159ac6973b9d4413fe487e32f4f9d7a671b9e384,93.92,93.48,94.32000000000001,90.9,93.72999999999999,91.0,93.57799999999999,92.38799999999999,93.2,93.34,100104
ENAS,ENAS_3483,5164da29a2d7ae2aea0cc1b91fe0dd7e9fef8402cfc027487b18f64141ff1118,94.31,91.85000000000001,94.59,93.78,91.35999999999999,91.09,93.5,93.36,92.4,92.88,100105
ENAS,ENAS_1770,338e7d8663dfd790191241bb9196f13e9bfa8e4c63d38093969951db3d43a634,94.67,93.53,93.63,94.14,91.03,94.13,93.3,92.57999999999998,92.66999999999999,93.41499999999999,100105
ENAS,ENAS_4728,4413476c8d53d67d7575d9fe8939e0af103b8f2f7060d06739494e6819c9b8fc,92.35,92.78,94.75,92.69,92.8,91.18,92.66,90.25,92.92999999999999,92.735,100105
ENAS,ENAS_3744,be9d5adece236a6f437f4ae2e498b7222e5b6cc2c54a41cb399285b307c5ba52,94.49,91.936,92.44999999999999,92.0,93.25,93.02,93.681,93.27,92.25,92.73499999999999,100105
ENAS,ENAS_3279,acb281c4c2e09fcfcf178f30da6fd216c2763bde2fd8cc20ad88f599726b4645,94.21,93.68,92.10000000000001,93.87,92.30000000000001,91.46000000000001,93.08999999999999,92.09,93.67000000000002,92.695,100106
ENAS,ENAS_4812,335507218d0c60d1dd67046ac318d3fe594ede4f2f5b8995e597aa264e5359ac,91.71000000000001,94.75,93.62,91.30000000000001,92.77,93.4,92.94,93.72,94.9,93.51,100106
ENAS,ENAS_356,a7616c97df0d35ec09887a0fcb8e2c7375c783f785a446e7e1c06f994b6c7a72,91.76,93.36,91.59,94.299,93.4,93.3,94.39,92.13,91.63,93.33,100106
ENAS,ENAS_1835,efa4f86e1f1800024806b70f9f065f3692a19304fda412a60979370baf10e793,93.18,93.85999999999999,92.03,92.30000000000001,91.46000000000001,91.64999999999999,91.59599999999999,93.08,94.97999999999999,92.165,100106
ENAS,ENAS_2802,607b2a2ec80329992b22a450c30caa69b0e3e2356be92512dd4941e9743e5759,92.99,93.19200000000001,92.23,91.506,91.8,93.21,93.14999999999999,93.22,91.92,92.69,100107
ENAS,ENAS_2032,58d05fa0c0f67ef8a43bb1d5a4a3982013cc97e7cd04821a131469d6f4108ae3,93.95,93.68,94.15800000000002,94.72,92.6,93.61000000000001,93.11999999999999,92.41,91.24000000000001,93.36500000000001,100107
ENAS,ENAS_2440,7a2f18dee414f759159f81dc9eb085d5df23e5a93a92957563557f6f26f087ad,93.64,92.71000000000001,92.97,92.05,93.10000000000001,92.62,93.34,93.37,92.57,92.84,100107
ENAS,ENAS_293,2c39f64f2a5579ae11d7a7fd2f8259351a32aacf79ac04d1a06156fe5ed6ade6,92.7,91.56,91.1,92.81,92.63999999999999,92.75,90.27,92.10000000000001,91.64,91.87,100107
ENAS,ENAS_746,ced88a716955a282ab1d468af1a32d71cbb33716893bb6403595b50e0229ca69,92.48,91.19,91.38,94.05,91.1,92.63,92.68,93.57,92.532,92.58099999999999,100108
ENAS,ENAS_18,85648db12d04e28f941b08a744ad31bf115971c24a8b3f34af778171ffa3c5a9,92.97,93.55000000000001,91.88000000000001,94.538,91.83,92.24000000000001,94.27,93.42,94.22,93.48500000000001,100108
ENAS,ENAS_3122,4f6ce59d607ee821f3477eb92836520559a3e6b725b4f065a77564f35d7f0d77,94.33,92.15,92.15,92.82,93.0,93.499,92.69,92.11,92.92999999999999,92.755,100108
ENAS,ENAS_2794,fdc8cdf40277f9db63edd14da3ef6b83c38ff8418065642d853890c3af5b2256,93.74,93.102,90.60000000000001,94.26,93.899,92.75999999999999,93.52000000000001,92.84,93.36,93.231,100108
ENAS,ENAS_2119,55b5fe1b978420a817bde00d1c6fc13e489fc084883929e1525ffa865f60ca05,92.73,91.41999999999999,93.91,93.10000000000001,93.9,91.19,92.47,91.30000000000001,91.67999999999999,92.07499999999999,100109
ENAS,ENAS_1824,60a61f4f2ab9b49890a48c9a21fae769559238f7f5007012d5ebf13c393f92cd,92.96,94.69,92.05,93.45,93.78999999999999,91.53999999999999,92.49000000000001,92.10000000000001,92.75,92.62,100109
ENAS,ENAS_804,d7130867d530e32356e21e2eabbb06d2eff8636deb01ce48cb2faaea89bce33e,94.29,93.87,92.69999999999999,91.69,92.69,91.88000000000001,92.26,93.74000000000001,93.78,92.695,100109
ENAS,ENAS_3202,099e714be1939cb38a09e414e295846409853ecdd7ae21a4c49dba908b063e1e,92.79,91.62,93.69999999999999,92.23,93.41,92.22,93.08,94.07,92.47999999999999,92.78,100109
ENAS,ENAS_1552,eccd4645ab11bfa734e51abc502c8351679f5ed3a59b9f8e18f3dd0dd7d1f6af,92.53,93.17,93.75999999999999,92.66,92.92,93.84,94.3,93.88999999999999,91.6,93.465,100110
ENAS,ENAS_2023,066632729f0cd43c779faeb06705707c058f2eb743a273efdf4e457058ec2e7c,93.16,92.25,93.43400000000001,93.691,92.94,93.55000000000001,93.27,92.5,93.57,93.352,100110
ENAS,ENAS_3414,9360019030ca604cba774464e8b6aacb69e0b1d7c638e65f9c1f44cb7fff5a97,91.48,94.14,93.05999999999999,92.57,94.05,92.89999999999999,92.77,90.28999999999999,93.30799999999999,92.97999999999999,100110
ENAS,ENAS_2054,c09ca64e3339002f5a85f6f5d45297fd0cbb780d363095a75e95d4aa7ff4d52d,92.43,93.64000000000001,94.08,93.66,92.2,93.08999999999999,93.46000000000001,90.24,92.25,93.275,100110
ENAS,ENAS_1756,e8b92b1b770162aff798a667e63375136e424aa4594ff0cb47dc8f6b5a4d8caa,93.42,92.22,93.17999999999999,93.88,92.63999999999999,90.9,93.19000000000001,91.89999999999999,91.55,92.42999999999999,100111
ENAS,ENAS_1442,67dbdafd68e1cca58c8268b82989e23a4cb624b57f4e2b715bc87ca5927b6bc7,93.37,91.94000000000001,93.46000000000001,92.63999999999999,92.639,93.08,92.89,93.5,92.62,92.76499999999999,100111
ENAS,ENAS_553,9effc1744556cc265281953467472e42458c851e95f95d0c0e1d2a481ecc1927,93.05,90.45,93.13000000000001,94.58,93.34,92.62,92.94,91.91000000000001,93.38,93.035,100111
ENAS,ENAS_4296,e848b0d49b2436b16d79fcadd75143df6391c39e57bc94b26fb98d77129180ee,92.58,92.44999999999999,91.09,92.6,91.7,93.56,93.45,92.82,92.59,92.595,100111
ENAS,ENAS_4739,b587ba363b35cfcc8eac580cbcdaf50a2e36f6a600163095126c27e6e59bee6f,93.05,92.08,91.89999999999999,92.30000000000001,92.34,92.0,93.57,94.17,91.31,92.19,100112
ENAS,ENAS_1782,d5de8d38cca065ae5f865d4b63e5c5858d0cf0b31a7c804e6240737d2ffede93,94.05,90.58,93.431,90.231,90.708,92.36000000000001,94.13,92.63,92.28,92.32000000000001,100112
ENAS,ENAS_3598,68a772da4a0489dfcfaaad351119f3e9b59950c2ceb6c05847b6cb04f4ab353c,94.23,93.57,91.89999999999999,93.14999999999999,94.59,93.08999999999999,93.5,92.47999999999999,93.3,93.225,100112
ENAS,ENAS_2009,5cd2228f3825c7951b9f0bd558e3e2f1193efd1d7ac3656a71ab2738c11e4f85,91.59,92.5,93.91999999999999,93.56,92.66999999999999,93.636,93.31,90.19,93.27,93.28999999999999,100112
ENAS,ENAS_3524,f19ee567c98babb6458f52a8f1df369d3bb889557268fb16d05d8b7b6f9a4d63,90.97,94.17,93.14,93.29,92.89999999999999,93.08,94.36999999999999,93.47,92.89999999999999,93.215,100113
ENAS,ENAS_3101,94bfc42f5427e9516022444ace603a5ecb396532bdec35b5bdeb586efbecd2b4,92.39,93.85999999999999,92.26,93.591,92.47,94.21,93.82,91.44,92.60999999999999,93.10049999999998,100113
ENAS,ENAS_1833,5cc8b7a35afd9edb0438ee951c36fd59d217d982f47ec7c05c4b90de690a485f,94.04,93.78,91.85000000000001,92.04,93.45,93.66,94.33999999999999,92.99,93.43,93.44,100113
ENAS,ENAS_4423,1215464be20d2b9f5720d2fffa9a3d88c602312a7bed8b22abfda9252b8b3fdb,91.65,90.07,93.559,92.43,92.24000000000001,94.06,92.24000000000001,93.3,92.47,92.45,100113
ENAS,ENAS_2198,582277d92f1bf6733ce6f0bfcbee7b9460cccadc890c01f88376cab81ef3c1b3,94.48,93.58000000000001,92.66999999999999,93.75999999999999,90.7,92.66999999999999,93.14999999999999,94.64,93.05999999999999,93.10499999999999,100114
ENAS,ENAS_596,f2309f7a7ac98e71f91496bf462d53b6c0d3f5cc1d709d8c407190775b2284dc,2.3100000000000023,92.99,93.80000000000001,92.8,92.98,92.32,92.08,94.08,92.69,92.89,100114
ENAS,ENAS_176,c70c864b9b43c135f2736f1658b95a05effcf3a5095e52b5de83af87b329eeb4,93.9,94.13600000000001,92.60999999999999,94.91,92.8,92.35,94.62,92.91,92.30000000000001,92.85499999999999,100114
ENAS,ENAS_3247,20488d16e04bafae57a6ef50b677a19039ebe559a6b2c66257f7eb8c44ec46a7,93.61,93.08999999999999,93.99,92.68,93.66,93.91999999999999,93.51,91.17000000000002,93.01,93.3,100114
ENAS,ENAS_1256,afb265ad3150cab254cc697cec03656c8ecf107e91fd13b7b17481ce07bf6a3f,93.48,93.3,91.92,93.298,94.07,94.44000000000001,91.22,93.738,91.89999999999999,93.299,100115
ENAS,ENAS_4997,1accfe7b1c7772e9d7da40e6183d4e2d0be3afad92db62d37f8545dbbb2f6c16,93.21,92.082,92.8,93.4,92.42000000000002,93.34,92.59,92.89999999999999,94.08,92.85,100115
ENAS,ENAS_3346,8dbdb39905c808e109839c9bf835e5f0028258a40cf08fa985cd4524c85feca5,93.56,91.6,92.43,93.19000000000001,94.434,93.38,92.59,93.64000000000001,92.91600000000001,93.05300000000001,100115
ENAS,ENAS_594,69cf3fe46143a4858c3bad16cab6e3d6f7946f5f20c92c6aec2d63d9b6eda491,92.82,92.5,93.22,93.38,93.80000000000001,93.5,92.15,92.35900000000001,93.69,93.3,100115
ENAS,ENAS_3877,5995d5b583bf82265d65f2efc5bbbafa9528a9ec4a5f59f9225582abd68b6623,93.54,92.56,93.08,93.53,92.57999999999998,92.69999999999999,94.08,93.9,90.98,92.88999999999999,100116
ENAS,ENAS_2288,554901ac462d577a6947b91de0cdc34c8d5675a55498e22466c39b6a57b8c94b,92.65,93.3,91.05000000000001,92.07000000000001,93.42,92.59100000000001,93.64000000000001,91.1,91.53999999999999,92.3305,100116
ENAS,ENAS_2062,bd04ac1a0d4b0caf99d12c4d5fe8954d8e889b113c00d830dedb18e9b88ec5e2,93.19,93.9,93.19000000000001,92.26,92.69,92.0,90.94,92.94,93.57,92.815,100116
ENAS,ENAS_239,2f8dfe885e0d2c7e5d057e8f3faab532e1f2396630dce21d27817ef693fdde04,93.38,93.3,94.42,93.08,92.08,92.66,93.22,92.97,92.132,93.025,100116
ENAS,ENAS_3155,b5bae1f36b8988d772148e6314d56dcd23c8740314575fed78ce688077c9bc0f,93.54,92.94,93.11,93.19000000000001,93.78,93.639,90.03999999999999,91.27000000000001,90.60000000000001,93.025,100117
ENAS,ENAS_1512,f2eeabd8736cbed9962554b4aad184db6da42a0152e81ac5d2e8b9d2fa229351,93.06,92.69,94.65199999999999,94.38000000000001,91.0,92.69999999999999,92.97,93.08999999999999,93.67000000000002,93.03,100117
ENAS,ENAS_3654,258796c474221675d8114567466c5b7f81c2f0674551beab433421e8be90da21,93.76,94.5,94.76,93.78,91.05000000000001,94.0,92.97,94.58,92.30000000000001,93.89,100117
ENAS,ENAS_1140,12edf18253a8d0c3eae57cc70c860391d3f416f378a78b48a358c5e8a3f729a1,93.3,91.6,91.74,92.63999999999999,90.97,92.0,92.09,91.86,91.19,91.8,100117
ENAS,ENAS_4278,f0cafa596ef82b2fa3e12b4587380fe8a8e0288d39d9758be40fd4a62cbca49d,93.39,92.78,92.71000000000001,91.7,92.26,92.66999999999999,91.09,93.02,91.5,92.465,100118
ENAS,ENAS_3819,7c450359190629f382a03c29f6b3d6627cdd6237b1e50cca3bf1303d393001ad,93.43,93.97999999999999,93.41,92.24000000000001,94.108,92.94,91.89999999999999,93.46000000000001,93.02,93.215,100118
ENAS,ENAS_2502,ad5d364358105cf76a462d8d53449922eef70a4e7e11123415847d72c0e552cc,90.78999999999999,92.56,92.24000000000001,93.72999999999999,93.37,92.43,92.83,91.1,94.89000000000001,92.695,100118
ENAS,ENAS_301,b249a5ba1ff7eada8a85207f98f7c8e0216d74c3d7120e2e8358ed39df162d4e,93.39,93.51,92.11,92.89999999999999,92.88,91.67999999999999,94.17,92.6,93.43,92.88999999999999,100118
ENAS,ENAS_3995,2540678087c597a186f5311b670fb79db85f354ce6554b79864a043f141fb0c4,93.87,93.28,93.19000000000001,94.46,93.14,93.35000000000001,90.9,94.58600000000001,93.80000000000001,93.315,100119
ENAS,ENAS_2717,839c325451402a4a2c11ad123ed013ffbfdb884bb4a00577b1dc72f1f9a9e3c8,93.87,91.64999999999999,92.22,92.8,92.75,91.18,90.1,94.68,92.0,92.11,100119
ENAS,ENAS_1469,50812ce92983cd196fbf82e4444c20b6ba19475c229f4f4601c1e81de024a61c,94.56,91.28,93.53,92.26,90.74,94.08,91.12,93.33,91.8,92.03,100119
ENAS,ENAS_1152,23fba3ba3647f45434b2372fdbbb1ceeab6b1b5b5ccb1cf784af9da6d7532cc6,94.17,91.94000000000001,93.88999999999999,94.19,93.5,92.57999999999998,90.85000000000001,92.30000000000001,93.10000000000001,92.84,100119
ENAS,ENAS_2118,7478f6f9cf3987800576062f0fa51c481830066899ba5837a41f4c93df969e61,92.27,91.1,91.14000000000001,93.5,93.37,93.02,92.44,92.52000000000001,93.78999999999999,92.77000000000001,100120
ENAS,ENAS_2698,5fcb6eca505c5726fb271243faa74ac43911178f726b58fbf04f4678be374dc1,94.32,93.14,92.27000000000001,91.61,93.59,90.18,94.39,91.613,90.21000000000001,91.9415,100120
ENAS,ENAS_492,5c5454329ed68cfb16f142ea279807d31b9f693b2db00197e6d041dd25310006,92.66,92.38,92.15,92.4,93.55000000000001,92.0,92.84,92.77,93.29,92.58500000000001,100120
ENAS,ENAS_2512,71303721f873d2bd4cbd19bf24d0324c4331df1b36095dabb20c56b4cbe77e6d,92.45,93.08,93.78,93.10000000000001,93.46000000000001,93.51,93.43,90.25999999999999,93.14999999999999,93.28999999999999,100120
ENAS,ENAS_88,f32b15f1fb30d6ca40bffddea4c37bd1a3ec6837275713f54bd964a20b5c913c,94.0,94.42,92.88,92.92999999999999,93.17,91.92,94.17,92.89999999999999,93.37,93.05,100121
ENAS,ENAS_4656,6a07774d7bc57f650a86218f11fdc6f1468e1feebd04bca11585a5fdfd31bbaf,93.33,90.0,94.381,92.82,91.35999999999999,92.05799999999999,93.45,91.25999999999999,93.59,92.439,100121
ENAS,ENAS_2618,4f8647253088e5ac07a1dc4f7b7b3282cf0a7239779fef5d68d97b6a34c4d0d2,93.6,93.3,93.14999999999999,94.57000000000001,91.75,93.05,91.28,92.43,94.71000000000001,93.1,100121
ENAS,ENAS_2402,e52d6aeb91dce0fc086c2fa8f000f9f3894dda38fea3976990ebd4f2b4e29711,94.23,93.85999999999999,93.3,94.39,94.36999999999999,93.3,92.37,92.19,93.21,93.3,100121
ENAS,ENAS_3576,825f135f4f555f04418e65bdee828640febc55003849494f43b2f5c89e8247f5,93.2,92.158,93.80000000000001,90.98,93.74000000000001,93.35000000000001,92.393,93.10000000000001,92.18,92.7465,100122
ENAS,ENAS_4634,2af6c24ef633cff7ece21fec368514ae786f2756b4590479ea204834447493aa,92.54,93.51,92.85,93.56,93.17999999999999,92.63999999999999,92.30000000000001,93.46000000000001,93.67000000000002,93.32,100122
ENAS,ENAS_572,d2109acf26d8a52a7629019e93479fcf4176ce78485c896f6ad3928ac7213f22,93.58,92.18,92.28,94.3,92.37,90.54,94.07,92.74,92.21000000000001,92.325,100122
ENAS,ENAS_4929,f272b23c880a0fa6ede56a13c7000b15520a9899ce27fbc404d6655996b32130,94.02,90.18,93.36,93.52000000000001,92.63999999999999,94.02,93.59,92.10000000000001,93.14,93.25,100122
ENAS,ENAS_1902,baaed0877ea9548e030e507bdf9dc7f01471eee8aa3fff328e023b3b23379503,91.75,94.39,92.28,94.22,92.30000000000001,92.28999999999999,91.92999999999999,93.46000000000001,93.88,92.88000000000001,100123
ENAS,ENAS_1062,593996b80186403341991eb8e060daea89cd0b2f9ae27bfdd13bb47c6c32384b,91.14,94.00999999999999,93.53,94.3,91.94000000000001,94.7,92.82,92.18,92.8,93.175,100123
ENAS,ENAS_2041,3b28f72b552f8ddb32207295297b40b0f49dfd468f66b25aa8f0297cdb16b32c,94.54,92.94,92.68,93.53,93.64000000000001,92.68,93.96000000000001,93.77000000000001,92.66999999999999,93.235,100123
ENAS,ENAS_2173,97be4eca8c140cc24d4a831413d5e76ce3ea9c63374f4598305cea80b7dee581,92.75,93.66,94.22,93.91,92.72999999999999,92.631,94.07,92.22,91.35,93.195,100123
ENAS,ENAS_35,871d0e71a5cd5f42b134c0d878df1b0f3ded74dd1ae8fff2f872693af7ca4505,93.45,93.02,92.06,91.77,93.08999999999999,92.86,93.84,92.99,92.69,92.925,100124
ENAS,ENAS_349,f8e62e7383b38dc80eb8a4d1453600df87195af1861058dd6cb971e5309a1fd9,92.18,91.86999999999999,92.38,92.21000000000001,92.38,94.77000000000001,93.45599999999999,91.03999999999999,93.42,92.38,100124
ENAS,ENAS_4298,0b32fa7278dce2f9a6952264cfd2083619273d92baf9008c88a67e850708c9a3,94.06,93.34,94.96000000000001,92.89999999999999,94.13,92.28999999999999,90.47,93.72999999999999,92.68,93.12,100124
ENAS,ENAS_173,bbeb6e48613181f673797f4620d5007900f3cbbd9a69ece69712dad0c498f2c4,92.82,93.80000000000001,92.98,94.47,90.52,94.3,93.4,94.138,92.0,93.60000000000001,100124
ENAS,ENAS_1141,261cb85e9da848144c708dfb4627f4549ce4b819fe655e34176e94aefb21ace4,94.38,91.03,92.07000000000001,91.335,93.14,93.53999999999999,93.28,94.65,93.09799999999998,93.119,100125
ENAS,ENAS_147,3962796e1690a1c32e4e212f3e458837747a3591eb7d65435bd37dbab52f4eee,94.44,93.11,94.239,91.28999999999999,92.531,91.39200000000001,93.10000000000001,93.62,92.36000000000001,92.81550000000001,100125
ENAS,ENAS_4371,f08e191cebc4e3f871fbbf651fca0b6794c0138d74136597b80dbe9ff67e796c,92.66,93.33,93.51,94.938,94.06,93.05,93.99,91.22,92.62,93.42,100125
ENAS,ENAS_3321,10e1bc2853c061d144a7b7782d189808952bc7b1eaf5109da494139b2fd7ae61,94.0,91.34,92.8,93.19000000000001,92.0,93.87,92.30000000000001,92.89999999999999,93.99,92.85,100125
ENAS,ENAS_1983,93e96f6ec6a9d8b322ed0e273fa4e2a3b3693a6b6f1a89b293bf3932550a53ff,92.07,94.00999999999999,94.39,93.81,92.59,94.1,92.47,92.78,92.89999999999999,93.35499999999999,100126
ENAS,ENAS_4236,89b40678c6cc6bbeb7f89384dfb194d1d8351131b08a7204194a91160d75bd9f,92.12,92.10000000000001,92.43,91.991,94.756,93.09799999999998,93.91,93.74000000000001,93.10000000000001,93.09899999999999,100126
ENAS,ENAS_4140,c944dc45d87cad0efe475f780f6144d8188dcf9fea683f0b682f8f8ee4855ac2,93.58,92.613,92.63,92.92999999999999,92.30000000000001,94.38000000000001,93.64000000000001,93.66,92.60999999999999,92.78,100126
ENAS,ENAS_1111,5841b70a478319ed7cc4b083a5daa26ceeecadb076b37e67c88026ae2547f8aa,93.68,92.89999999999999,93.48,93.26,93.14,94.0,93.37,90.25,91.44999999999999,93.2,100126
ENAS,ENAS_4266,bbc0ee285b4c3ce0ff6f6089a1986bfec91e7ac9cd1be0920a2defdfe594c354,90.45,93.85,94.752,94.3,94.94,93.759,92.38,93.42,93.71000000000001,93.80449999999999,100127
ENAS,ENAS_3916,6631d3190ca887a7ef826b103f8d6d32db4e88713e2f2860e5c643f3688cd9a3,93.35,92.39000000000001,92.74,92.62,92.47,94.06,93.69999999999999,92.66999999999999,93.42,92.70499999999998,100127
ENAS,ENAS_3487,7a080030b180579ec56acc9dfa5e3c1d1e6e0b7ec244f282788c0ad31639a84b,94.21,92.77,94.618,91.52,94.38000000000001,93.596,91.80799999999999,93.4,92.59,93.08500000000001,100127
ENAS,ENAS_1733,7c995cb5416eb73077fd165b40d6f27ad6f50af7f087e7a5ea300f5753656fd7,93.45,92.71000000000001,92.69999999999999,93.13000000000001,93.17999999999999,92.47,93.53999999999999,94.399,91.43,92.92000000000002,100127
ENAS,ENAS_4958,f11c1eb2404b9ade8371b95372e903e643d5bf521b972f87452a0a0e69aec465,94.33,93.156,92.10000000000001,91.07,93.31,91.19,93.29,92.06,92.30000000000001,92.20000000000002,100128
ENAS,ENAS_215,97fb7955416d2c2a4dce7d4702e391800d742bf9cc111194dca402a6bf357719,93.4,93.53,93.39,93.08999999999999,93.01,91.92999999999999,91.75,91.64,93.27,93.05,100128
ENAS,ENAS_1242,ce3c48db9dbc9ca9f5416417f56156b08cbdc514a877a9ad8d587cb849b05ae5,92.59,91.94000000000001,93.9,92.07000000000001,93.10000000000001,92.11,91.83999999999999,94.09,92.958,92.53399999999999,100128
ENAS,ENAS_4281,fa5537830befe2d112aa1f2526892b5369116f90ac146bc8b185df7b4d29c666,91.62,94.2,91.34,91.30000000000001,93.08,93.2,90.67999999999999,93.00800000000001,90.25,92.174,100128
ENAS,ENAS_813,f9385a09fb7fdeb81e5ec063ec9c31e82e5f7a1537346fe09986c7ecfd930649,89.85,94.1,94.35000000000001,91.83,91.64,93.10000000000001,94.64,93.04,91.28,93.07000000000001,100129
ENAS,ENAS_1393,90f55fd3a75d443fdb94ebcf5b6211c93e5eb3f3864b5f79f4fcfd3f07aa0276,93.06,93.792,92.798,91.02000000000001,92.75,93.81,92.24000000000001,92.59299999999999,94.22,92.774,100129
ENAS,ENAS_2634,9641c385ba881df5a00069e33d946a9371ca15f56fd749530824f70174d7b113,91.76,92.66999999999999,91.12,94.33,91.691,92.77,91.46000000000001,92.89,94.3,92.72,100129
ENAS,ENAS_3949,265b030d9eea15082608b8663a90fabfed8f6296e1addad679494911bbf6eeef,90.26,93.25,93.33,93.68,92.89999999999999,94.00999999999999,91.02000000000001,93.2,93.65,93.28999999999999,100129
ENAS,ENAS_2211,3beb22adcfb2f412286a39df3b93832852aabd334a930c524ca27692805add45,94.19,94.29,90.64999999999999,94.22,94.42,93.53999999999999,92.86,93.88999999999999,93.134,93.71499999999999,100130
ENAS,ENAS_3223,37465f2cbfc51802449861a6a24326eef0e79af728e8786c9a69a1ba688672c1,93.7,93.05999999999999,91.14000000000001,92.69999999999999,92.2,93.74000000000001,92.89999999999999,92.92999999999999,91.07,92.79999999999998,100130
ENAS,ENAS_154,b9ce61709a9c51c1cb4f0d4ef8e653007c1d8b34d8d58f96d450c71e1a18f205,93.6,92.36000000000001,92.36000000000001,93.72999999999999,94.72,93.85999999999999,94.30999999999999,93.5,93.08,93.615,100130
ENAS,ENAS_3984,e2deaa18819515fcc8f48962531b5454b375fb5db02805dd1fb14894eb4f3da8,93.66,92.81,91.836,93.38,91.25999999999999,92.39000000000001,93.2,93.42,91.98,92.60000000000001,100130
ENAS,ENAS_3811,d4b243e776ed90eac8e9f31a6dd66b7f34c172bf0a0e4602b5d45f97231e175f,92.26,94.02,91.14000000000001,93.85999999999999,92.92999999999999,92.63999999999999,93.24,92.294,94.58,93.085,100131
ENAS,ENAS_3519,4f4902bb691334b450ffd5b2197ac32141a12b256c3d96e80e4c8e9f9c3f5a67,93.47,90.51,93.08,93.68,92.536,92.57999999999998,93.43,93.78,94.13,93.255,100131
ENAS,ENAS_3566,53b24ba97bf1f97d9124823fb1f4ac560f52ab8741fa179fe1dbb6030dc0a135,91.9,91.86999999999999,91.64999999999999,92.37,90.28999999999999,92.68,91.92999999999999,93.6,93.08,92.15,100131
ENAS,ENAS_2927,e98e2d703047ab3ee9bf7ed67c0d5777e015d6bcd61a051863c424f13765193a,93.59,93.38,92.44999999999999,93.85999999999999,92.53999999999999,93.5,94.23400000000001,92.68,94.5,93.44,100131
ENAS,ENAS_288,ee8b6cdc8c1c5c110af1e44c4ea9a4ce8cec3a9c86200ca909b95c1872768fcd,93.1,93.0,93.02,94.38000000000001,92.69,92.82,93.66,92.8,93.84,93.00999999999999,100132
ENAS,ENAS_4565,30abf804fe86e0ce0a5bc88f3a898ec944bce74b65096089fd66cc78a36ec770,90.6,92.10000000000001,92.95,90.47,94.97999999999999,94.3,91.01,91.632,90.634,91.86600000000001,100132
ENAS,ENAS_2360,2a15ba468ea0523e63e5eb3e98aea9e2495831007b2821f36b4d48d7c422b194,92.88,94.42,92.07000000000001,92.39000000000001,94.22,92.86,92.01,92.57999999999998,93.9,92.72,100132
ENAS,ENAS_297,21dbf3d8605b1d7d16b6dd871c191b13c45e8217a20e6209819825a0121239a9,94.27,91.38999999999999,91.61,92.75,93.9,93.11,93.57,93.91999999999999,94.39999999999999,93.34,100132
ENAS,ENAS_1507,bf6f2fe1169c9166a2d3647cca562697f3c86eb7ecf087c3eb71b85f4042fe9b,93.52,94.66,91.02000000000001,94.00999999999999,92.28999999999999,91.67999999999999,93.39,93.26,94.38000000000001,93.325,100133
ENAS,ENAS_58,02fbaf9b9a0cd7021234aafc683914bcf51a4494b2a497f1f7783594d8c43ba3,93.85,93.42,93.5,92.52000000000001,93.4,92.43,93.59,93.10000000000001,93.53999999999999,93.41,100133
ENAS,ENAS_3515,41e8c92d93e86e24c301b7e428588403ea838a4c7c55aa38b6ec7fef9afed1e9,93.68,91.739,93.84,91.08000000000001,93.9,93.81,94.14,92.86,93.34,93.575,100133
ENAS,ENAS_2420,f9b4ba6b9ec5a332700e9fa970a4e6c953542ec2b465a69e222d7da7df6a04ce,94.0,92.92,93.26,93.57,94.55,93.35000000000001,94.62,94.25,93.11999999999999,93.46000000000001,100133
ENAS,ENAS_3729,46771442eb24597caf21274a82b9a955c64e227a4fb11c98590728e38842cde5,92.99,92.78999999999999,93.37,92.60999999999999,93.07000000000001,91.66,94.14,93.38,91.6,92.93,100134
ENAS,ENAS_2258,b5e08ac9ff7ae89a3375d39a79452619b16fe858179748ee5c0151763f0b2953,94.64,90.7,92.44,93.58000000000001,94.97999999999999,93.62,93.11999999999999,93.14,92.46000000000001,93.13,100134
ENAS,ENAS_2075,c79754ede1c914a4ab278da7fa9e9ac67dbcffdf405fa78a0fb91788b2f03387,91.62,92.44999999999999,92.37,94.46,91.66,93.42,94.94,93.74000000000001,92.10000000000001,92.935,100134
ENAS,ENAS_728,f3969754429ccb69466647ef265187c42a455079d48adc15bbb18762e8b04790,94.8,92.89,94.39999999999999,90.18,92.57999999999998,94.19,92.15,94.22,93.64000000000001,93.26500000000001,100134
ENAS,ENAS_2609,587608a588f989044896b7220d8a3999e9b99ede6bc0e19c1e99500ad832dc5e,92.67,90.76,93.58000000000001,90.831,92.75999999999999,94.26,91.69,93.5,92.97,92.865,100135
ENAS,ENAS_3987,38cef6ab5228ec7d6e20968ce1d1a038037760fb14fa89f0f904637db4b8ed6f,92.81,91.50999999999999,93.59,90.95,91.64,94.108,92.6,93.2,93.59,92.9,100135
ENAS,ENAS_4969,f1633c7b5dddfaf39207a1e5ac1fe60790da4bb76ecc7b3eae9d4cff33afbdeb,92.06,93.08,91.73,93.36,93.05999999999999,92.811,94.39,92.75999999999999,94.72,93.07,100135
ENAS,ENAS_877,e3dd4546ee48b1161e37f4d603d81467adcfa272c608a93c35f7a37ef58d8649,93.7,93.519,93.9,90.13999999999999,91.73,94.56,94.444,92.37,91.98,92.9445,100135
ENAS,ENAS_1659,b2201da767aa0aa8622c9954a54badc5add378f2b64754dc8912377bcbb5e24e,94.76,94.19200000000001,93.14999999999999,93.34,91.11000000000001,93.61000000000001,92.6,93.44,93.10000000000001,93.245,100136
ENAS,ENAS_617,cdda7c4fcdaaa6acbd6866d90a74f87644a6579e76b3fe1d07a57c5c07558452,92.61,92.0,91.35999999999999,94.9,92.63999999999999,92.88,92.69,91.75,93.51,92.66499999999999,100136
ENAS,ENAS_3872,6337a07f99bf1b76e731912149fdd4dac7cc4a86b8183b916854990e13fbe0c5,93.72,93.01,93.85,93.08,94.71000000000001,91.75,93.05999999999999,92.59,92.36000000000001,93.035,100136
ENAS,ENAS_2456,950f83c4d0505096fa40463adcce91c9ec689efdba20336c9bb6e9e1eddca562,93.24,93.3,91.82000000000001,93.66,91.43,92.26,92.60999999999999,93.9,94.1,92.95499999999998,100136
ENAS,ENAS_3827,83cbe2926d0101c6474c7771b0c79ea6ada553514dfdd409e6da05e51ada1ad7,92.84,93.53,90.7,91.5,94.05,90.5,92.158,94.06,93.66,92.844,100137
ENAS,ENAS_4902,d0d733815425994d798626f96c58ec8a336983b0a9a5a39e6ae61a12e8224428,94.49,92.74,93.01,93.73599999999999,93.08999999999999,91.78,94.30999999999999,92.95,92.42000000000002,92.98,100137
ENAS,ENAS_306,68c9837443bceab2c90f85c3fc853a186197926512c6485e9b79f332a7742bcd,93.84,93.24,93.78999999999999,93.9,93.58000000000001,90.52,94.97999999999999,94.17999999999999,92.46000000000001,93.685,100137
ENAS,ENAS_554,f0513fd45092911395dd07c8cef0db521fd645dce09e57b7e673e1ea57630187,93.78,92.49000000000001,93.9,93.80000000000001,93.25,90.13999999999999,92.47,93.14,93.36,93.195,100137
ENAS,ENAS_170,593bca97240121166c26dbeda433a5a3484f002fe5d68251efc25943abc663e1,93.41,93.14999999999999,93.08,93.17999999999999,93.9,93.53,92.0,91.41400000000002,93.36,93.16499999999999,100138
ENAS,ENAS_1720,9bbd506ed3b1db8722fc180e70d0f671e46e7d4441aa3980ed1905c6d1492219,90.37,93.24,94.06,91.53,93.24,93.19000000000001,90.1,91.35,92.337,92.76350000000001,100138
ENAS,ENAS_1471,2eecf0c1e1906c18b20c4ae45fd5cb38173f55d79f479ffdff8b960ea53e05c0,93.93,92.13,92.5,93.58000000000001,93.61000000000001,92.42000000000002,94.54,94.3,93.291,93.4355,100138
ENAS,ENAS_939,b91d39a1844583274e4cca195d98cb52c9c772737116c2343d8bae3af8cf7c7b,93.56,90.51,92.22,93.395,91.99,94.9,93.26,90.36,94.3,92.74000000000001,100138
ENAS,ENAS_1439,69b75d14b9ae88a96df542378c835f4edc37e732afbb2f120ba4013abd88f145,93.24,92.16,94.30999999999999,93.68,91.99,92.21000000000001,92.94,93.5,92.518,92.729,100139
ENAS,ENAS_1005,ffbc948d7f2c8699658ece14666152256b3cb239aac39c9a477a3d6c8947e0d9,92.44,94.26,93.81,92.83,92.91,94.41000000000001,92.50999999999999,92.81,91.35999999999999,92.87,100139
ENAS,ENAS_4894,db4217c826268b16dde93dda1d01fd825eb61e3f110d1d220b57d3503f88e059,89.35,92.72,93.39,93.85,92.91,94.06,93.10000000000001,90.66000000000001,93.94,93.245,100139
ENAS,ENAS_3561,3ad8257ba98068737ce94a233084993b1de41021822458bfa36595aedfedab96,94.01,94.16,92.68,90.33500000000001,91.89999999999999,92.136,92.49000000000001,94.3,91.85000000000001,92.313,100139
ENAS,ENAS_418,a6ad262217078fcfc2d7d8baef23077681778a67aaf0cf39dadb500d60c4c3d6,92.43,93.74000000000001,91.11000000000001,94.21,92.21000000000001,94.21,90.74,93.28,92.99,93.13499999999999,100140
ENAS,ENAS_1915,0abd324cfde0e7a140a2354c76d311e56c1fdd46fdf1e5de8736cae0bac633d8,93.14,93.19000000000001,93.17,91.82000000000001,94.99000000000001,93.27,93.22,93.9,93.21,93.215,100140
ENAS,ENAS_3536,3962cf715d31c686de0ae7f016f71293520192859d55b2c26f6fd12beb3058d8,92.49,91.30000000000001,91.38,93.87,92.33000000000001,94.78,93.10000000000001,92.43,91.41999999999999,92.38000000000001,100140
ENAS,ENAS_4430,b0e57a7399fd43b197994f74d30050625ce9a6ae5acb9e4d5cbcfa633c92cffa,92.06,93.53,92.10000000000001,93.46000000000001,92.22,91.24000000000001,92.258,93.53999999999999,92.37,92.314,100140
ENAS,ENAS_2743,52adfb57e63c3033f01138855563bd6db7fc8c34468133cf2c3046bb631e40af,92.08,93.85999999999999,93.14999999999999,93.77000000000001,92.28,93.43,92.26,91.66,93.14999999999999,93.14999999999999,100141
ENAS,ENAS_2135,e9d358add9507606237e4d363300c742834819d33e9769266a760149a3b2f89f,92.94,92.14,94.76,91.27000000000001,92.0,94.06,93.51,94.08,93.56,93.535,100141
ENAS,ENAS_3602,a1a3612d8f3ed7999d6f6d2c060e363b68ce5e5552165b01459b8f57a819d06c,91.52,92.23,94.28,93.53999999999999,91.28,93.5,91.61,93.2,91.939,92.715,100141
ENAS,ENAS_3709,ee1f60236812c13a68095ca5152e769d481a0b1a5206db77439cdb43060b9751,93.81,93.14999999999999,92.22,93.96000000000001,93.26,90.71,92.17,93.51,93.38,93.205,100141
ENAS,ENAS_762,c19bc628a4dbebff02b45daccd591f76391e65535ff813c6538688793f9b9c46,94.75,92.50999999999999,90.03,91.82000000000001,92.42000000000002,90.8,92.69999999999999,91.91000000000001,93.63799999999999,92.16500000000002,100142
ENAS,ENAS_668,6a4a1056fd0e9ae40d815726b1f495a80d9b9e32fded97e82c3bba62a359a32c,93.47,92.57999999999998,93.391,93.19000000000001,92.94,93.538,91.7,91.35999999999999,91.308,92.75999999999999,100142
ENAS,ENAS_3557,a3135555be6f7c8d8bc5bd1f6c9cdd7810ebb18760a8182f95aba9968f6b178c,92.08,91.05000000000001,94.48,94.94,93.58000000000001,93.46000000000001,91.05000000000001,93.87,93.53099999999999,93.5555,100142
ENAS,ENAS_1771,ad3fe61a9135c088460e2c7a4ebd120bef92b34cd0ba2c0bdf3cbf46e9171b1c,93.47,92.60999999999999,92.46000000000001,92.47,91.35999999999999,94.63,92.78999999999999,93.62,92.94,92.69999999999999,100142
ENAS,ENAS_189,8605490441f857fa5da8d78e9aed4d00a30d7873ed5e6065f8b15865a2d4ac69,93.06,93.64000000000001,93.78,94.21,93.05999999999999,93.9,94.17999999999999,91.93799999999999,93.10000000000001,93.71000000000001,100143
ENAS,ENAS_943,0cc12a5d43fa738ddaf90ed21a3a26b9ae2790776d58a2b85b1a095be6a93526,93.59,91.58,93.17999999999999,93.0,93.69999999999999,91.92,92.36000000000001,94.3,92.99,92.995,100143
ENAS,ENAS_4899,84f7484d4bc46f939fbc5f276aab4477c8702cb484202278e568ca94dd7305b4,94.39,93.536,92.63999999999999,91.69,93.014,93.26,94.2,93.08,91.08000000000001,93.047,100143
ENAS,ENAS_4464,c9aee415a4bfe7ec05b784dafb21ff5da2044f50032946e105ec23af5af0eddb,90.99,94.24,92.39000000000001,91.89999999999999,92.47999999999999,92.42000000000002,94.1,91.03,92.37,92.40500000000002,100143
ENAS,ENAS_2389,f1fc77a960739cd1618300856088a46699cde0aef9f0192b90c764c433bd3af7,94.04,92.53999999999999,94.5,93.16000000000001,92.69,93.69,94.00999999999999,92.41,91.35999999999999,92.92500000000001,100144
ENAS,ENAS_1332,bc41e41dd82ec4fbd17b2655092a894b499c8a9de91ba6a81258786ebce48324,92.67,91.80999999999999,92.62,93.53999999999999,92.5,93.08,94.58,92.05,90.37,92.56,100144
ENAS,ENAS_372,ea95dc01feceba0b083e7298c410017ae9aeed1f61e079d36ead2e04ffbbe72f,93.92,94.39,94.00999999999999,91.53999999999999,94.3,92.63,93.68,93.699,91.8,93.68950000000001,100144
ENAS,ENAS_541,1c5db5a77296b302ae5e4cbb909c7e3a506afbed522d555eb0f150d8373f1d08,93.69,93.62,92.68,92.92999999999999,91.47999999999999,91.86,94.08,93.66,91.09,92.805,100144
ENAS,ENAS_3579,363dca87bfaf87d5edfaca10ae522da142cdaaa3576728b8b2fefc5eba4a1beb,91.49,91.92999999999999,91.43900000000001,94.62,93.53899999999999,93.11999999999999,92.10000000000001,94.97999999999999,93.02,93.07,100145
ENAS,ENAS_1373,1cbb1471a554c1dc9c00a2028d01a1aeeef70c4948e961509b59eb70812b97a2,94.43,94.17999999999999,94.33999999999999,93.61000000000001,91.64,93.17,92.6,91.02000000000001,93.75999999999999,93.39000000000001,100145
ENAS,ENAS_1878,b33429d8a03b54de465cf4a572762595937389e06a93cb75efc5b2b6eb9f118a,90.31,93.62,93.78,92.53,93.77000000000001,92.75,91.78,93.64000000000001,93.80000000000001,93.63000000000001,100145
ENAS,ENAS_616,775e737eca4c72cabf307f9a02ec12cd72666351e49cc393723ca89063f2ea21,92.91,91.61,93.02,92.35,93.96000000000001,92.49000000000001,92.63,91.06,91.89999999999999,92.42,100145
ENAS,ENAS_4965,30aa2134aacebec78297eb443ae7af5fd24c2e1010c01e1137f4207cbe16f45b,91.93,92.63999999999999,92.53,94.77000000000001,90.61999999999999,93.02,92.10000000000001,91.15,93.42,92.585,100146
ENAS,ENAS_590,ea63f83413d326ff529b0e37a1b6994cc12b2d5ff9851a4b7edcda7bc96de080,90.47,92.5,93.0,90.45,92.78,90.60000000000001,93.78,92.0,90.46,92.25,100146
ENAS,ENAS_3137,1a6a97cba6930d357f4e20641013f25db1cb752ef4d91943e16f9a026064b7fb,92.05,93.22,93.42,91.5,94.96000000000001,94.52,93.16000000000001,92.22,91.59,93.19,100146
ENAS,ENAS_1685,9cad655fc2b36b689a92903c48e4c978acf359e7b4fde444fcd39603db55c20b,93.62,93.08,93.97999999999999,93.5,91.7,94.68,91.5,93.51,93.04,93.28999999999999,100146
ENAS,ENAS_1385,4cbba0f5dd3529ffbc3165bd6e5c07b9d25c299ee760729ce1924918c0cab9ea,94.36,93.11999999999999,94.39,91.1,92.082,92.69,93.82,93.834,91.89999999999999,92.905,100147
ENAS,ENAS_2146,a9478cc7d0319f4c0d082a13355845d7092ecb9835ae260f4ebcb22f21c44792,91.27,93.91,94.59,93.14,93.51,93.35000000000001,93.10000000000001,93.2,91.89999999999999,93.275,100147
ENAS,ENAS_2085,5479098f839d9a6342b1af9092e8a21544361062c997b4811d5d798dfe98ada7,93.33,94.65,93.02,94.14,91.47999999999999,92.5,92.0,94.63,94.58,93.58,100147
ENAS,ENAS_1801,d4b686ca674df985ff474b1b2363c853ea07a1c5dab3de43b70dfa9d1a2f5f15,93.11,92.56,93.37,92.35,93.46000000000001,91.07,91.25999999999999,93.596,93.85999999999999,92.965,100147
ENAS,ENAS_2057,b5e0ad76478bce7d36283af741ce6e70f0da574f01f13e3db2afc024ef3a8591,93.26,93.2,93.21,93.9,92.47,93.28,92.92,91.69,93.53999999999999,93.205,100148
ENAS,ENAS_2851,1557988edacf95acb2263540b8b7d0742b1e0a6a2b7a1b1c6cde23d228293895,93.56,91.94000000000001,92.66999999999999,91.27000000000001,92.82,92.42000000000002,92.91,92.19,92.30000000000001,92.36000000000001,100148
ENAS,ENAS_1402,e7f5a40301d0213b8d01f113793bbec540b74c200359f3462d6d661b6a6d289d,94.51,94.36,92.19300000000001,93.88999999999999,93.55000000000001,92.39000000000001,93.85999999999999,92.60999999999999,91.38999999999999,93.08,100148
ENAS,ENAS_3717,c90189f3d84fa89766ccad0e7935c1a511a778be23782db451cddf65a4b2f3a4,94.02,93.0,94.07,92.35,91.32999999999998,92.42000000000002,93.37,91.62,93.56,92.71000000000001,100148
ENAS,ENAS_2461,f45585a270cdc6ff5ec267c1742698cdd70c9711e3ff235b101c7e4a440eed11,92.91,92.92999999999999,94.2,92.434,92.72999999999999,92.82,91.46000000000001,93.44,92.73899999999999,92.77949999999998,100149
ENAS,ENAS_722,a31840b5eccfacd760d88b52ed8dd0239d984fb94e7ffe28b02ae79037f5caa6,92.23,91.34,93.08999999999999,93.02,92.92,92.6,93.34,92.82,91.24000000000001,92.87,100149
ENAS,ENAS_158,565d846d6f3186fafafe22f685fece7a219648ef3fde65a3da908c048563c4b6,91.32,92.78,93.27,93.53999999999999,94.06,92.43700000000001,91.6,91.0,94.25200000000001,93.025,100149
ENAS,ENAS_2527,2a8950934d64dc1c775448a21c839dd913d7de48ed2c1214a3ebfe1b2f66dc10,93.35,91.1,93.17999999999999,93.0,94.22,92.26,93.78,93.67000000000002,93.35000000000001,93.265,100149
ENAS,ENAS_3642,b21e1c53a754cc54341e2aadeebe78b90d4990d01caf0818e56433b0af898129,93.41,92.33000000000001,91.97,91.6,92.86,93.46000000000001,92.78,92.05,94.61,92.555,100150
ENAS,ENAS_1007,6bb9aca8233d0f8b2904520d9e3478370cdc59f77d787f5c740a73648a1f2c33,90.36,93.10000000000001,94.47,92.63999999999999,91.43900000000001,93.94,93.5,92.5,93.48,93.29,100150
ENAS,ENAS_1942,4c84a8eae43138ea5b96f1892af8b77e35aecec1bd5b8bd5d8f83d8bbee720e6,92.18,94.66,91.61,91.86999999999999,91.0,93.38,91.1,91.5,93.4,91.74,100150
ENAS,ENAS_3033,4349d756fc858af1da0413a8993e24fd8cce31e992998d9e548173181e7ecf22,95.03,92.21000000000001,93.48,92.44999999999999,93.51,90.75,93.75,92.22,93.0,92.725,100150
ENAS,ENAS_1454,8da8b66d62388d8ddd13fbc14605226397dfdb583adaa9922382214fa3eb875b,94.17,93.11999999999999,92.38,91.85000000000001,92.47999999999999,92.98,94.62,93.536,94.67,93.05,100151
ENAS,ENAS_2535,7e9a0dc158b1af9107d46f9df672cb8ad2b6a8aa917424eeefae5d8c5f851fdd,93.51,93.5,94.42,91.91000000000001,92.91,94.3,93.61000000000001,94.3,91.76,93.555,100151
ENAS,ENAS_1474,04c5a0e34f9140493ebedcd169ab837e1c3298bd37238d54548f929473ec8dc2,94.11,92.8,93.80000000000001,92.37,94.42999999999999,93.05999999999999,90.61999999999999,91.86,94.3,92.92999999999999,100151
ENAS,ENAS_3587,f7303219bec16ddc8fbed6f128100af3b90d16bb576da68a3e63844f8f702fc3,94.67,93.17,93.82,93.19000000000001,93.28,91.89999999999999,94.9,92.43,93.41,93.23500000000001,100151
ENAS,ENAS_2493,23e7d29b01a15c78f3049b62c015020afb90c79c7678cdaeee6d21c4528939c8,89.86,93.53,92.72999999999999,92.0,92.419,91.78,92.63999999999999,93.39,93.66,92.68499999999999,100152
ENAS,ENAS_4828,e34fd470ce1741be80dc967c5e9bfe7ea7cfcca6fb23186857668e7000e02b1e,92.36,93.72999999999999,93.10000000000001,90.03999999999999,91.85600000000001,93.05,92.30000000000001,92.5,92.75,92.625,100152
ENAS,ENAS_3880,b8bb07c22e5e06be39f001fa1edde4ef1b2213ef4c17b0dea2760bf4a8127de1,92.94,92.43,92.63,94.3,93.85999999999999,92.17,92.0,91.80999999999999,93.62,92.53,100152
ENAS,ENAS_3852,ac1c98c2fa41c5c1b748c946b283d05e1344b7cfc3b4c46489432589293bc417,94.23,92.52000000000001,93.36,93.0,92.47,92.18,92.28,92.21000000000001,91.41,92.375,100152
ENAS,ENAS_712,c40be9beab60cf9b74f6f79bab04056232583a7ab2ef76ad3d4ece976272a76c,90.97,92.47,91.86,91.751,93.33,92.38,92.62,94.59,91.38,92.425,100153
ENAS,ENAS_4928,f9b1f294a17aa8e0701da80701ad13d04951675432f3ff125d80b1ff648988d7,93.93,92.432,92.89999999999999,92.16,92.68,93.08,93.14,93.08,92.937,92.9185,100153
ENAS,ENAS_4303,cdf93ccfb968aa35c24aeaa8f7d8ccf649108f0c0ef533cc7bc97425bad5a812,93.96,91.07,93.04,91.0,94.35000000000001,94.2,93.64000000000001,91.6,92.14,92.59,100153
ENAS,ENAS_3646,5bd380021b0fa8a3a9064ffa2462d60f1fc85804d5ec2a6b68216ffdf5638693,92.81,93.01,93.53999999999999,92.66999999999999,93.53099999999999,93.69,92.42000000000002,92.14,91.22,92.84,100153
ENAS,ENAS_885,9953bcc74ed8564c4f6aa0606162f67cc5c6143904123a977660c449874dd304,92.51,91.82000000000001,94.48,92.82,94.2,90.74,91.89999999999999,92.57999999999998,94.26,92.69999999999999,100154
ENAS,ENAS_3471,f525bce3f737aba8321987d37a67adfb5b010d8c79e47a8297fc6dacdfc81297,94.08,94.191,93.10000000000001,92.69999999999999,91.67999999999999,91.536,90.34,94.19,94.2,92.9,100154
ENAS,ENAS_3588,7994d6e95c926b345adabb89954ddeecf3e58dd11737044e04497cdc7e28e02c,92.46,92.63,92.72999999999999,92.63999999999999,93.22,93.9,92.09,92.52000000000001,91.92,92.63499999999999,100154
ENAS,ENAS_3792,bd3d4e6d7a2cb7aa15c8c2c597e6c5ef5edba112608fd311ab64313b4de4efba,93.96,91.82000000000001,94.21,92.5,91.53999999999999,94.36,93.9,93.62,91.56,93.06,100154
ENAS,ENAS_2382,6707389c5741c3b089e53343e9ab92516c8b1b241e7211a474be10874e15e925,93.25,91.4,92.84,91.92,93.99,92.89999999999999,93.99,92.66999999999999,92.25,92.755,100155
ENAS,ENAS_4699,19b15c1b3578d8b3b9810d16a316102432798b1a8fdbc0629c734a60b8c426fb,94.28,93.26,91.73,92.5,92.5,92.63,91.59,92.26,92.44999999999999,92.475,100155
ENAS,ENAS_557,b379519fd40041b62578e024c441064140014ae91424908f420f947f9a25ff16,93.33,92.85,92.42000000000002,92.98,94.42,94.3,91.44999999999999,91.21000000000001,92.63,92.74,100155
ENAS,ENAS_2314,247ba4c6952465ae07995a57acae4cf8b466b24a3158889791d7535dd97b7733,92.58,90.60000000000001,93.17999999999999,91.58,92.15,94.17999999999999,92.63,93.27,93.78,92.905,100155
ENAS,ENAS_310,11576d2c12b152b4f042b6d71af5a6da8b598ee2d542cbeb2ac3f7eb76fd196f,94.38,90.94,92.71000000000001,94.351,93.64000000000001,93.49000000000001,92.91,93.34,92.59,93.125,100156
ENAS,ENAS_2589,f2440891d4ace6fd2624e0980b5491c1df622bfd399ca6b578c83af74206bc1a,93.13,93.04,94.39,93.0,92.52000000000001,92.38,91.05000000000001,94.61,93.66,93.02000000000001,100156
ENAS,ENAS_422,6b6e25d39ba185171cd50fdc384ffddba4bc6d9fb64130aa0bfac7a291b34c50,92.95,92.60999999999999,93.57,92.28,93.68,93.24,92.18,93.85999999999999,93.10000000000001,93.17,100156
ENAS,ENAS_4732,87126499df8f74fb356ea8a179d82d4659e573c84406823193f8e1dc144f441d,91.94,91.43900000000001,94.71000000000001,93.93,93.3,94.5,91.99,90.35,92.5,92.9,100156
ENAS,ENAS_3304,0f0b8e6d025d68a19424a779652e4d6e58e65ddb2c575bb8735cc078503b3e71,90.14,93.899,93.57,91.83999999999999,91.92,93.536,92.81,92.66,92.82,92.815,100157
ENAS,ENAS_1187,b4e93d3f53e25dc89fd7d1e37d36d88300e3acc1d027a938f4aef7a595c035a7,92.81,92.13,90.42,93.10000000000001,91.5,93.82999999999998,93.08,93.88,94.39999999999999,93.09,100157
ENAS,ENAS_2021,6d3a01ae7f0e371392d60e419286d3cff9b0d83c2115e5d474900e8b264191f1,92.87,93.21,93.02,90.939,92.66,93.11,92.69,93.24,94.006,93.065,100157
ENAS,ENAS_2808,a3d1bbbe36c7f909cc64c856493eb32a18c1d729cdda1b8c86b7b7a24f3c2cb4,89.99,93.9,91.64,93.0,94.22,94.011,91.1,91.63,93.351,93.1755,100157
ENAS,ENAS_894,fb7ca8d6a21045fe0c4c794eaff9f9b886583ddd73ec469dc8252731448b7813,94.13,91.77,90.54,93.56,92.5,93.88,91.47,93.67000000000002,92.89999999999999,92.69999999999999,100158
ENAS,ENAS_556,0fce1c136bed5394be384feee6c4ed6c0454d116508ceba4c24fa0abc150d78f,93.89,92.32,93.77000000000001,93.02,91.302,90.25,91.68100000000001,94.3,93.61000000000001,92.66999999999999,100158
ENAS,ENAS_4778,1dc39a4bc2a64a54e989a0dfb88a139b60077f0a1855c4f39db38c8c2630900d,92.5,92.99099999999999,90.7,92.26,90.39999999999999,92.15,94.23,93.13000000000001,92.458,92.35900000000001,100158
ENAS,ENAS_3528,35bb45f91634275fb296ce593d2ff69d8a7ae3a0c5c60a1b0ee774a7387ceb74,93.58,90.69000000000001,92.77,92.43,93.66,92.5,91.232,93.3,93.88999999999999,92.63499999999999,100158
ENAS,ENAS_1838,ed35edbcd018a65a63fbe7f39f0d3df1cd108766202045b7119d7ac15127dfeb,93.05,92.84,91.89999999999999,92.47999999999999,94.1,94.78999999999999,92.84,93.17,92.92999999999999,92.88499999999999,100159
ENAS,ENAS_1868,768ad2fcab2ad6791f0afb3e7960b0bffbdee6f11817cf6b3a885d472b3728d0,92.62,94.07,93.39,92.5,88.69,92.47999999999999,91.86,92.74,92.8,92.62,100159
ENAS,ENAS_827,6e0796278ffdf7903f0790524eb4ba417842c9d429cec11a66a4d767451e51d3,93.56,94.67,94.0,93.05,93.05999999999999,90.60000000000001,94.208,93.07000000000001,93.2,93.135,100159
ENAS,ENAS_864,e26031d09e95cdf7181a9a4c70ecc6e941789d58be6b5e9887940eea291687c3,92.85,93.16000000000001,92.60999999999999,93.53999999999999,91.02000000000001,94.26,91.99,91.89,91.25999999999999,92.29999999999998,100159
ENAS,ENAS_4439,bb142b829ae5a9af968a43b9da479cbce5a5f2fcb021937cf0892c83b33520f1,92.12,92.38,93.41,91.82000000000001,93.69,93.85999999999999,92.34,83.19000000000001,93.14999999999999,92.76499999999999,100160
ENAS,ENAS_2883,1b68cfdc06fd825624ce30d676477e2fb3b550525af7b8af17e9224a0e30e2e9,94.74,94.2,92.75999999999999,93.10000000000001,91.08000000000001,93.51,93.55000000000001,93.51,93.10000000000001,93.305,100160
ENAS,ENAS_4174,f75275b7bcacdfb32323283d8f3066825ea8e7e19d585b19ab41492b36d7fd99,94.4,92.62,92.53,93.26,93.214,93.368,94.64,93.46000000000001,93.55000000000001,93.314,100160
ENAS,ENAS_3533,4de0f6d3ad04cc25fd64f230406ee5a5aaf78bbc8ed2f27508d71e240c26a446,90.81,94.38000000000001,93.05,92.26,93.68,92.50999999999999,91.50999999999999,92.44,93.38,92.78,100160
ENAS,ENAS_404,f50c4c0cde37c868d19382e04424079c6079a80222ea4ae857f9d5ea1d31f6e1,93.13,93.58000000000001,93.29,93.19000000000001,91.47999999999999,93.53999999999999,92.14,93.67000000000002,93.05,93.24000000000001,100161
ENAS,ENAS_3715,467471c1d9fa02a19015c568d357e044e6177f07e5b255bfb79b87499b42e4c4,93.14,91.46000000000001,93.0,94.2,92.88,93.08999999999999,93.26,92.957,92.41,92.9785,100161
ENAS,ENAS_878,5ce00ec7e7ba68a7361ff6e0fcc14f8bcc59cf8d547c0e041ccf0bc788476906,91.69,93.46000000000001,91.46000000000001,91.64999999999999,92.78,93.08,93.01,86.18,93.099,92.89500000000001,100161
ENAS,ENAS_2428,2ae331b9c61d4cbd5d870de32083a28274f80f287143d874f2714fd63942e714,93.34,93.438,91.23599999999999,92.68,91.86999999999999,93.05,92.06,92.91,92.08,92.38,100161
ENAS,ENAS_2980,ebd5d7fd8a9e7cae11162462f4a6512e721011e1e00e54cb2ab9b7d56592502b,91.82,93.28,93.99,92.0,92.25,93.24,91.76,92.06,93.69999999999999,92.745,100162
ENAS,ENAS_3871,07a14220ad620935c3e8374da3b7807102688e3590598d26b6d3e0fbb58bfdc3,92.51,93.02,92.16,94.14,92.78,93.26,91.38999999999999,92.69999999999999,93.08999999999999,92.9,100162
ENAS,ENAS_3959,362a6758f20a590d06bd72934b1671454c04a5bca22738e7ed021a305df71fad,94.24,93.9,92.19,92.42000000000002,92.66999999999999,94.36,93.27,93.88999999999999,92.60999999999999,92.97,100162
ENAS,ENAS_482,2d99e42aa6c91118708c4ea51144ee7e2434ecf3e47102c5a6c3f92102ca9e50,93.77,94.08,92.16,93.93,91.52,93.69,93.557,93.37,94.62,93.6235,100162
ENAS,ENAS_4215,5aa17b2b1fe5bfdea5fc169be3a67cd73290f15527e7272329a89e7526d0a7c7,92.3,90.535,92.92,93.3,91.259,94.09,93.93,92.62,93.53999999999999,93.11,100163
ENAS,ENAS_4077,950d9f1eb355b9451be9505cc1fb44f72766bba7b14fc0a3ec9a4e3c3181c232,91.03,93.13499999999999,92.57,93.77000000000001,92.30000000000001,93.08,90.52,93.14999999999999,91.5,92.82499999999999,100163
ENAS,ENAS_1206,bc1a3285ab7aae78779b0d7270a81ffc417123d39d89fb5a855a156d1131e31e,93.24,91.85000000000001,92.35799999999999,93.75,92.86,93.01,91.67,93.59,93.34,92.935,100163
ENAS,ENAS_3189,4fb1152d0122c787b13c4fe6322b1cdb2640216ac7638086cdc42f0d63d8cfac,94.21,94.67,92.22,92.46000000000001,92.09899999999999,93.05,92.88,90.74,92.11,92.34,100163
ENAS,ENAS_4856,8dd0e5984d7d719aa90d3799e03c7d8f4a66f8e6c0f7b4509911786f55dbc8c2,92.47,92.81,93.82,94.39,91.94000000000001,94.21,93.454,93.35000000000001,93.94,93.637,100164
ENAS,ENAS_4789,59d4f1f3fcaf571042b3ce88a8f43aaa46b99c729833d18ec6bf81552849ae20,91.75,92.31,93.22,93.05999999999999,92.57999999999998,94.5,93.9,92.74,93.88999999999999,93.13999999999999,100164
ENAS,ENAS_248,47061debebe7f4a261ccc2013f359401df7a1096eba0b4d9bd9081cab4e70ee6,93.3,91.28999999999999,93.66,93.72999999999999,93.66,92.15,92.38,92.18,90.58,92.28,100164
ENAS,ENAS_765,e12c4f6b9d4be8cae8be8c60c85aef750ce7230d2dd698294bf5a3d8a83a9a04,92.82,93.69,90.67999999999999,91.67,93.68,93.64000000000001,92.13,92.8,92.43499999999999,92.61749999999999,100164
ENAS,ENAS_2822,b873ba1c94349f6c0ce81a0df72f9ba272dc251d89f29995f76fcb80cb28d51e,91.1,94.44000000000001,93.94,93.191,90.54,93.34,92.52000000000001,92.56,92.13,92.8755,100165
ENAS,ENAS_3214,4dc1e19ccb1a2f68083fa183381852dfb755de8df05cb5ae29c04c5fb705583e,92.71,93.82,92.17,92.78,90.64999999999999,93.33,93.27,94.09,92.78,93.025,100165
ENAS,ENAS_1950,e75b589c74b4f94ec0d90684fbdfd938241ee5f48a678e55edd2b79b6366e084,92.13,90.77,90.82000000000001,93.93,92.89999999999999,93.3,92.89999999999999,91.98,94.14,92.89999999999999,100165
ENAS,ENAS_1517,d0f85eb5811fdbf35ee2be38ac556206ad4fd1e44abef2267cc8fdc8f45855ee,93.83,94.2,94.06,93.97999999999999,93.13000000000001,92.438,93.08,94.26,91.06,93.555,100165
ENAS,ENAS_3526,08daa479772df9e1e98cc57f64a9e3e75228c587ef108d10df258bb7ad520497,92.18,93.37,93.64000000000001,90.9,92.2,90.63499999999999,94.26,92.27000000000001,90.91,92.23500000000001,100166
ENAS,ENAS_2930,b47536bfbab0e1461b536f8461a2ab58c14f7d740c5aecd1fc172209a12ea9ba,90.03,94.07,93.14,92.11,92.05,93.41,93.26,93.13000000000001,93.84,93.2,100166
ENAS,ENAS_2812,9836b00bc4f4d174f8d21014dbe1f132243bbb648bf9b67a4a6b8cacdce7a71c,92.12,91.5,90.07,94.535,91.66,93.356,93.94,93.19000000000001,93.29,93.24000000000001,100166
ENAS,ENAS_4857,692e9fb64bf453d239e26de29f0597bb40285890c401e56ff49c2a202687ace6,93.64,93.25,92.33000000000001,92.49000000000001,92.2,93.02,94.14999999999999,92.39000000000001,91.98,92.44000000000001,100166
ENAS,ENAS_3948,64590f713355015a2d003c3c8be086bdb15c051147d6146353cda9ace2f4e539,83.31,91.89999999999999,93.93,92.77,92.21000000000001,92.63,93.35000000000001,93.77000000000001,94.39999999999999,93.06,100167
ENAS,ENAS_4770,dc267be47b259fa804dcacab2ccb200089b0f0a428c96e2c68d5e98e3844e909,94.16,92.44999999999999,94.21,93.35000000000001,92.92999999999999,90.33,93.37,92.97,92.28,92.94999999999999,100167
ENAS,ENAS_3731,770e7ed7adc7339d087036b4fb8d683232bfa90caf4b957bbf7f7091365c87a8,92.39,93.67000000000002,93.88999999999999,93.33,93.3,93.07000000000001,94.1,93.50899999999999,91.05000000000001,93.4195,100167
ENAS,ENAS_1603,c6ae021da789f363b1c419193055670bcfb530f38665888d6794be6dd29ed438,92.79,93.3,93.752,93.43,92.88,94.685,91.41999999999999,93.4,93.88999999999999,93.415,100167
ENAS,ENAS_4344,36b546c93db9418332772fe92e8530281089f635635d68e1b105ad2f4a993099,92.62,93.351,93.9,91.38999999999999,93.52000000000001,94.39,93.67000000000002,94.14,93.655,93.66250000000001,100168
ENAS,ENAS_75,f02a31bc9836bb26dfbd0687628e5b7dd2f8f07e79bccdf895c1c3cfe1fd3d49,92.15,92.50999999999999,94.0,92.82,92.43,93.46000000000001,92.10000000000001,92.24000000000001,93.78,92.66499999999999,100168
ENAS,ENAS_4364,1ae7b64c89e4a20f7f8cad3656848d7e3decd0f359b47690343dc827901928e7,82.74,93.08,93.26,92.14,92.42000000000002,93.211,93.08999999999999,93.3,94.38000000000001,93.1505,100168
ENAS,ENAS_588,a7a9b63e4d32594b86f58de66f6c71e912bdd3eb58e2d8917c7fa21706093cae,93.21,91.03999999999999,92.92999999999999,93.46000000000001,90.93,94.06,92.57,93.08999999999999,90.66000000000001,92.75,100168
ENAS,ENAS_715,928c0e82bd55a49f79b41653992b55e81865f3d7c555dbb212d19008e4ea9489,91.85,94.3,93.85,94.24,93.56,93.66,93.66,92.84,93.0,93.66,100169
ENAS,ENAS_3934,b11aeec84cd77b471ddebf90fe77dc6baf7da08d450c6d78a42f413ea61f0025,94.47,92.27000000000001,93.46000000000001,92.10000000000001,92.59,92.22,93.10000000000001,90.85000000000001,92.38,92.325,100169
ENAS,ENAS_3462,e3b972a8bb4e570f4572308de6f8e575cd7f02329f6ce6aa17e3f255f716e163,92.3,90.99000000000001,94.25399999999999,92.97,93.17,92.77,94.108,92.25,93.99,93.07,100169
ENAS,ENAS_155,6fee20b7bcfbfc3cc9703a5d03e700a557d27a483dddf28ba0a4758c135f46da,10.0,93.28,93.4,93.02,92.88,92.78,92.72,93.5,93.08,93.05,100169
